2011-08-29,1.770000,1.770000,1.750000,1.760000,1.473268,60485
2011-08-30,1.760000,1.800000,1.740000,1.800000,1.506751,108245
2011-08-31,1.800000,1.800000,1.780000,1.800000,1.506751,110018
2011-09-01,1.840000,1.840000,1.800000,1.800000,1.506751,143493
2011-09-02,1.800000,1.830000,1.800000,1.820000,1.523493,97467
2011-09-05,1.800000,1.820000,1.800000,1.810000,1.515122,151317
2011-09-06,1.810000,1.810000,1.800000,1.800000,1.506751,138020
2011-09-07,1.850000,1.900000,1.820000,1.880000,1.573718,306303
2011-09-08,1.900000,1.910000,1.880000,1.890000,1.582088,358096
2011-09-09,null,null,null,null,null,null
2011-09-12,null,null,null,null,null,null
2011-09-13,null,null,null,null,null,null
2011-09-14,null,null,null,null,null,null
2011-09-15,null,null,null,null,null,null
2011-09-16,null,null,null,null,null,null
2011-09-19,1.830000,1.850000,1.830000,1.840000,1.540234,18350
2011-09-20,null,null,null,null,null,null
2011-09-21,null,null,null,null,null,null
2011-09-22,null,null,null,null,null,null
2011-09-23,null,null,null,null,null,null
2011-09-26,null,null,null,null,null,null
2011-09-27,null,null,null,null,null,null
2011-09-28,null,null,null,null,null,null
2011-09-29,null,null,null,null,null,null
2011-09-30,null,null,null,null,null,null
2011-10-03,null,null,null,null,null,null
2011-10-04,null,null,null,null,null,null
2011-10-05,null,null,null,null,null,null
2011-10-06,null,null,null,null,null,null
2011-10-09,null,null,null,null,null,null
2011-10-10,null,null,null,null,null,null
2011-10-11,null,null,null,null,null,null
2011-10-12,null,null,null,null,null,null
2011-10-13,null,null,null,null,null,null
2011-10-16,null,null,null,null,null,null
2011-10-17,null,null,null,null,null,null
2011-10-18,null,null,null,null,null,null
2011-10-19,1.710000,1.730000,1.700000,1.700000,1.423043,30500
2011-10-20,null,null,null,null,null,null
2011-10-23,1.700000,1.700000,1.680000,1.680000,1.406301,7500
2011-10-24,null,null,null,null,null,null
2011-10-25,1.680000,1.690000,1.680000,1.680000,1.406301,40550
2011-10-26,null,null,null,null,null,null
2011-10-27,null,null,null,null,null,null
2011-10-30,1.700000,1.710000,1.700000,1.710000,1.431414,75000
2011-11-01,null,null,null,null,null,null
2011-11-02,null,null,null,null,null,null
2011-11-03,1.690000,1.690000,1.680000,1.680000,1.406301,17250
2011-11-06,null,null,null,null,null,null
2011-11-07,1.695000,1.700000,1.695000,1.700000,1.423043,5000
2011-11-08,null,null,null,null,null,null
2011-11-09,null,null,null,null,null,null
2011-11-10,1.690000,1.710000,1.680000,1.710000,1.431414,141268
2011-11-13,1.710000,1.710000,1.700000,1.710000,1.431414,71295
2011-11-14,1.700000,1.730000,1.700000,1.710000,1.431414,207015
2011-11-15,1.730000,1.730000,1.720000,1.720000,1.439784,14170
2011-11-16,1.710000,1.710000,1.710000,1.710000,1.431414,3450
2011-11-17,1.720000,1.720000,1.700000,1.720000,1.439784,8142
2011-11-20,1.700000,1.710000,1.700000,1.710000,1.431414,50344
2011-11-21,1.680000,1.680000,1.680000,1.680000,1.406301,9500
2011-11-22,1.700000,1.700000,1.680000,1.680000,1.406301,12360
2011-11-23,1.690000,1.690000,1.670000,1.680000,1.406301,58213
2011-11-24,1.680000,1.680000,1.670000,1.670000,1.397930,32820
2011-11-27,1.680000,1.690000,1.680000,1.690000,1.414672,8546
2011-11-28,1.680000,1.680000,1.670000,1.670000,1.397930,1900
2011-11-29,1.670000,1.680000,1.670000,1.680000,1.406301,20464
2011-11-30,1.680000,1.680000,1.670000,1.670000,1.397930,37346
2011-12-01,1.660000,1.670000,1.610000,1.610000,1.347705,12528
2011-12-04,1.610000,1.650000,1.610000,1.650000,1.381188,14700
2011-12-05,1.650000,1.660000,1.650000,1.660000,1.389559,52338
2011-12-06,1.660000,1.660000,1.650000,1.660000,1.389559,193175
2011-12-07,1.660000,1.660000,1.650000,1.650000,1.381188,20000
2011-12-08,1.650000,1.650000,1.650000,1.650000,1.381188,5375
2011-12-11,1.670000,1.690000,1.670000,1.690000,1.414672,54324
2011-12-12,1.670000,1.670000,1.655000,1.670000,1.397930,30187
2011-12-13,1.655000,1.670000,1.655000,1.670000,1.397930,23700
2011-12-14,1.670000,1.670000,1.650000,1.670000,1.397930,110194
2011-12-15,1.650000,1.670000,1.650000,1.660000,1.389559,134327
2011-12-18,1.660000,1.670000,1.650000,1.650000,1.381188,90383
2011-12-19,1.650000,1.650000,1.630000,1.630000,1.364447,12000
2011-12-20,1.615000,1.640000,1.605000,1.640000,1.372818,65264
2011-12-21,1.640000,1.640000,1.640000,1.640000,1.372818,5119
2011-12-22,1.640000,1.650000,1.630000,1.650000,1.381188,50300
2011-12-27,1.640000,1.640000,1.640000,1.640000,1.372818,0
2011-12-28,1.630000,1.640000,1.620000,1.620000,1.356076,7500
2011-12-29,1.620000,1.620000,1.620000,1.620000,1.356076,0
2012-01-02,1.620000,1.640000,1.620000,1.625000,1.360261,3625
2012-01-03,1.625000,1.625000,1.615000,1.625000,1.360261,12960
2012-01-04,1.625000,1.630000,1.625000,1.630000,1.364447,4695
2012-01-05,1.640000,1.640000,1.625000,1.625000,1.360261,14270
2012-01-08,1.630000,1.660000,1.630000,1.660000,1.389559,45400
2012-01-09,1.660000,1.780000,1.640000,1.660000,1.389559,4752
2012-01-10,1.700000,1.800000,1.700000,1.700000,1.423043,14270
2012-01-11,1.700000,1.750000,1.700000,1.710000,1.431414,71087
2012-01-12,1.725000,1.770000,1.720000,1.720000,1.439784,69170
2012-01-15,1.720000,1.720000,1.650000,1.700000,1.423043,29307
2012-01-16,1.720000,1.720000,1.710000,1.720000,1.439784,17529
2012-01-17,1.750000,1.750000,1.750000,1.750000,1.464897,16600
2012-01-18,1.740000,1.750000,1.700000,1.700000,1.423043,114185
2012-01-19,1.700000,1.720000,1.680000,1.720000,1.439784,26476
2012-01-22,1.700000,1.720000,1.700000,1.700000,1.423043,50334
2012-01-23,1.700000,1.720000,1.700000,1.720000,1.439784,21063
2012-01-24,1.720000,1.720000,1.720000,1.720000,1.439784,34000
2012-01-26,1.720000,1.720000,1.690000,1.690000,1.414672,234153
2012-01-29,1.710000,1.710000,1.680000,1.700000,1.423043,152125
2012-01-30,1.670000,1.740000,1.670000,1.700000,1.423043,63247
2012-01-31,1.700000,1.730000,1.635000,1.710000,1.431414,50222
2012-02-01,1.700000,1.720000,1.700000,1.720000,1.439784,30162
2012-02-02,1.700000,1.735000,1.700000,1.700000,1.423043,10934
2012-02-05,1.720000,1.720000,1.710000,1.710000,1.431414,4000
2012-02-06,1.710000,1.745000,1.710000,1.745000,1.460711,88737
2012-02-07,1.745000,1.745000,1.745000,1.745000,1.460711,0
2012-02-08,1.745000,1.750000,1.740000,1.750000,1.464897,102138
2012-02-09,1.750000,1.750000,1.750000,1.750000,1.464897,210000
2012-02-12,1.750000,1.750000,1.715000,1.715000,1.435599,60000
2012-02-13,1.720000,1.750000,1.715000,1.750000,1.464897,2437
2012-02-14,1.750000,1.750000,1.750000,1.750000,1.464897,0
2012-02-15,1.740000,1.750000,1.715000,1.715000,1.435599,18100
2012-02-16,1.720000,1.720000,1.715000,1.720000,1.439784,11629
2012-02-19,1.715000,1.750000,1.715000,1.750000,1.464897,135038
2012-02-20,1.750000,1.750000,1.710000,1.710000,1.431414,4981
2012-02-21,1.710000,1.720000,1.700000,1.700000,1.423043,66009
2012-02-22,1.720000,1.720000,1.700000,1.720000,1.439784,14840
2012-02-23,1.700000,1.720000,1.700000,1.720000,1.439784,26030
2012-02-26,1.710000,1.710000,1.680000,1.680000,1.406301,67590
2012-02-27,1.650000,1.700000,1.650000,1.650000,1.417345,107993
2012-02-28,1.700000,1.700000,1.700000,1.700000,1.460295,53380
2012-02-29,1.700000,1.735000,1.700000,1.735000,1.490360,138538
2012-03-01,1.730000,1.730000,1.720000,1.720000,1.477475,81618
2012-03-04,1.720000,1.730000,1.720000,1.730000,1.486065,71140
2012-03-05,1.720000,1.720000,1.705000,1.720000,1.477475,153818
2012-03-06,1.720000,1.720000,1.705000,1.720000,1.477475,229649
2012-03-07,1.705000,1.730000,1.705000,1.730000,1.486065,312910
2012-03-08,1.705000,1.720000,1.700000,1.715000,1.473180,104609
2012-03-11,1.700000,1.700000,1.690000,1.690000,1.451705,29567
2012-03-12,1.680000,1.700000,1.680000,1.695000,1.456000,54597
2012-03-13,1.695000,1.700000,1.680000,1.700000,1.460295,61788
2012-03-14,1.700000,1.700000,1.690000,1.695000,1.456000,299004
2012-03-15,1.695000,1.710000,1.690000,1.705000,1.464590,361010
2012-03-18,1.710000,1.710000,1.680000,1.710000,1.468885,204592
2012-03-19,1.710000,1.710000,1.700000,1.710000,1.468885,25485
2012-03-20,1.700000,1.700000,1.685000,1.700000,1.460295,50329
2012-03-21,1.690000,1.700000,1.685000,1.700000,1.460295,70737
2012-03-22,1.700000,1.700000,1.700000,1.700000,1.460295,26679
2012-03-25,1.690000,1.700000,1.690000,1.700000,1.460295,21260
2012-03-26,1.700000,1.700000,1.690000,1.700000,1.460295,134730
2012-03-27,1.700000,1.700000,1.690000,1.700000,1.460295,65020
2012-03-28,1.700000,1.700000,1.690000,1.700000,1.460295,37433
2012-03-29,1.700000,1.700000,1.700000,1.700000,1.460295,32199
2012-04-02,1.700000,1.700000,1.700000,1.700000,1.460295,36573
2012-04-03,1.700000,1.700000,1.690000,1.690000,1.451705,17906
2012-04-04,1.690000,1.690000,1.650000,1.650000,1.417345,54004
2012-04-05,1.680000,1.680000,1.625000,1.625000,1.395870,61417
2012-04-10,1.625000,1.660000,1.625000,1.660000,1.425935,85023
2012-04-11,1.650000,1.660000,1.650000,1.660000,1.425935,80141
2012-04-12,1.690000,1.690000,1.655000,1.655000,1.421640,5250
2012-04-13,1.690000,1.700000,1.690000,1.690000,1.451705,146745
2012-04-16,1.690000,1.690000,1.675000,1.675000,1.438820,17419
2012-04-17,1.670000,1.670000,1.655000,1.665000,1.430230,9604
2012-04-18,1.655000,1.690000,1.655000,1.690000,1.451705,23743
2012-04-19,1.670000,1.690000,1.670000,1.690000,1.451705,2277
2012-04-20,1.670000,1.680000,1.650000,1.670000,1.434525,57793
2012-04-23,1.660000,1.690000,1.660000,1.690000,1.451705,67264
2012-04-24,1.655000,1.670000,1.655000,1.660000,1.425935,240887
2012-04-26,1.660000,1.665000,1.650000,1.665000,1.430230,52391
2012-04-27,1.650000,1.655000,1.650000,1.655000,1.421640,81944
2012-04-30,1.670000,1.680000,1.660000,1.660000,1.425935,54840
2012-05-01,1.665000,1.680000,1.665000,1.680000,1.443115,51500
2012-05-02,1.680000,1.690000,1.670000,1.685000,1.447410,105880
2012-05-03,1.680000,1.700000,1.670000,1.700000,1.460295,1152350
2012-05-04,1.680000,1.700000,1.680000,1.700000,1.460295,653340
2012-05-07,1.690000,1.700000,1.680000,1.700000,1.460295,526548
2012-05-08,1.700000,1.705000,1.695000,1.700000,1.460295,504644
2012-05-09,1.700000,1.700000,1.680000,1.700000,1.460295,74629
2012-05-10,1.700000,1.710000,1.700000,1.700000,1.460295,319892
2012-05-11,1.700000,1.700000,1.690000,1.700000,1.460295,31189
2012-05-14,1.700000,1.700000,1.700000,1.700000,1.460295,3300
2012-05-15,1.700000,1.700000,1.690000,1.700000,1.460295,3413
2012-05-16,1.700000,1.700000,1.680000,1.680000,1.443115,19900
2012-05-17,1.680000,1.680000,1.670000,1.670000,1.434525,29950
2012-05-18,1.680000,1.680000,1.660000,1.660000,1.425935,7379
2012-05-21,1.680000,1.700000,1.670000,1.700000,1.460295,35775
2012-05-22,1.695000,1.710000,1.695000,1.710000,1.468885,329667
2012-05-23,1.690000,1.690000,1.660000,1.690000,1.451705,35314
2012-05-24,1.690000,1.690000,1.655000,1.690000,1.451705,25509
2012-05-25,1.690000,1.690000,1.655000,1.655000,1.421640,2422
2012-05-28,1.690000,1.690000,1.690000,1.690000,1.451705,3000
2012-05-29,1.690000,1.690000,1.690000,1.690000,1.451705,0
2012-05-30,1.655000,1.655000,1.650000,1.650000,1.417345,24662
2012-05-31,1.650000,1.650000,1.650000,1.650000,1.417345,2000
2012-06-01,1.650000,1.700000,1.650000,1.700000,1.460295,32700
2012-06-04,1.650000,1.650000,1.620000,1.620000,1.391575,39515
2012-06-05,1.630000,1.630000,1.620000,1.620000,1.391575,3750
2012-06-06,1.630000,1.630000,1.615000,1.615000,1.387280,41411
2012-06-07,1.620000,1.650000,1.615000,1.650000,1.417345,26023
2012-06-08,1.630000,1.645000,1.620000,1.620000,1.391575,27304
2012-06-12,1.620000,1.650000,1.610000,1.630000,1.400165,15807
2012-06-13,1.620000,1.620000,1.620000,1.620000,1.391575,190
2012-06-14,1.620000,1.635000,1.600000,1.635000,1.404460,30475
2012-06-15,1.600000,1.600000,1.600000,1.600000,1.374395,11607
2012-06-18,1.600000,1.600000,1.510000,1.520000,1.305676,21173
2012-06-19,1.530000,1.595000,1.530000,1.595000,1.370100,15181
2012-06-20,1.590000,1.635000,1.590000,1.600000,1.374395,63742
2012-06-21,1.600000,1.620000,1.600000,1.620000,1.391575,37350
2012-06-22,1.590000,1.590000,1.530000,1.530000,1.314265,163895
2012-06-25,1.530000,1.590000,1.525000,1.535000,1.318560,94462
2012-06-26,1.540000,1.550000,1.540000,1.540000,1.322855,72676
2012-06-27,1.540000,1.580000,1.535000,1.580000,1.357215,39784
2012-06-28,1.555000,1.580000,1.550000,1.580000,1.357215,38641
2012-06-29,1.580000,1.600000,1.550000,1.600000,1.374395,84044
2012-07-02,1.600000,1.600000,1.600000,1.600000,1.374395,32488
2012-07-03,1.580000,1.600000,1.540000,1.550000,1.331445,118222
2012-07-04,1.570000,1.600000,1.550000,1.550000,1.331445,93261
2012-07-05,1.600000,1.600000,1.550000,1.580000,1.357215,36275
2012-07-06,1.580000,1.580000,1.580000,1.580000,1.357215,3500
2012-07-09,1.590000,1.600000,1.590000,1.600000,1.374395,45144
2012-07-10,1.600000,1.600000,1.550000,1.550000,1.331445,6995
2012-07-11,1.580000,1.590000,1.580000,1.590000,1.365805,50000
2012-07-12,1.590000,1.590000,1.590000,1.590000,1.365805,0
2012-07-13,1.550000,1.575000,1.550000,1.560000,1.340035,54582
2012-07-16,1.560000,1.570000,1.550000,1.570000,1.348625,126171
2012-07-17,1.575000,1.575000,1.520000,1.570000,1.348625,110542
2012-07-18,1.570000,1.580000,1.520000,1.520000,1.305676,85067
2012-07-19,1.540000,1.575000,1.540000,1.575000,1.352921,2825
2012-07-20,1.565000,1.565000,1.565000,1.565000,1.344330,3800
2012-07-23,1.550000,1.550000,1.530000,1.530000,1.314265,36175
2012-07-24,1.525000,1.535000,1.510000,1.530000,1.314265,95092
2012-07-25,1.500000,1.545000,1.495000,1.500000,1.288496,33605
2012-07-26,1.500000,1.500000,1.480000,1.500000,1.288496,98909
2012-07-27,1.545000,1.545000,1.510000,1.510000,1.297086,13082
2012-07-30,1.550000,1.555000,1.550000,1.555000,1.335740,3999
2012-07-31,1.510000,1.510000,1.510000,1.510000,1.297086,2750
2012-08-01,1.555000,1.560000,1.555000,1.560000,1.340035,37146
2012-08-02,1.570000,1.580000,1.570000,1.580000,1.357215,161262
2012-08-03,1.580000,1.580000,1.580000,1.580000,1.357215,209234
2012-08-06,1.580000,1.600000,1.580000,1.600000,1.374395,148453
2012-08-07,1.600000,1.620000,1.600000,1.620000,1.391575,135649
2012-08-08,1.620000,1.620000,1.620000,1.620000,1.391575,0
2012-08-09,1.650000,1.650000,1.620000,1.620000,1.391575,25984
2012-08-10,1.640000,1.640000,1.620000,1.620000,1.391575,22822
2012-08-13,1.650000,1.650000,1.645000,1.650000,1.417345,21878
2012-08-14,1.660000,1.700000,1.660000,1.700000,1.460295,45949
2012-08-15,1.695000,1.700000,1.680000,1.690000,1.451705,180642
2012-08-16,1.680000,1.685000,1.650000,1.685000,1.447410,1579052
2012-08-17,1.685000,1.690000,1.685000,1.690000,1.451705,146500
2012-08-20,1.700000,1.700000,1.685000,1.700000,1.460295,1782
2012-08-21,1.700000,1.700000,1.700000,1.700000,1.460295,126803
2012-08-22,1.650000,1.700000,1.650000,1.700000,1.460295,34425
2012-08-23,1.700000,1.700000,1.700000,1.700000,1.460295,43099
2012-08-24,1.670000,1.700000,1.670000,1.700000,1.460295,12836
2012-08-27,1.710000,1.710000,1.700000,1.700000,1.460295,20000
2012-08-28,1.700000,1.730000,1.700000,1.730000,1.486065,59250
2012-08-29,1.700000,1.700000,1.700000,1.700000,1.503756,60000
2012-08-30,1.700000,1.710000,1.700000,1.710000,1.512602,28918
2012-08-31,1.730000,1.730000,1.700000,1.700000,1.503756,32590
2012-09-03,1.700000,1.700000,1.700000,1.700000,1.503756,58043
2012-09-04,1.700000,1.710000,1.700000,1.710000,1.512602,38227
2012-09-05,1.700000,1.700000,1.660000,1.700000,1.503756,135460
2012-09-06,1.680000,1.700000,1.660000,1.700000,1.503756,229752
2012-09-07,1.670000,1.690000,1.670000,1.675000,1.481642,9879
2012-09-10,1.675000,1.700000,1.675000,1.685000,1.490488,20080
2012-09-11,1.685000,1.685000,1.685000,1.685000,1.490488,7529
2012-09-12,1.700000,1.700000,1.685000,1.685000,1.490488,35266
2012-09-13,1.685000,1.720000,1.685000,1.690000,1.494910,20844
2012-09-14,1.690000,1.705000,1.685000,1.690000,1.494910,8844
2012-09-17,1.700000,1.705000,1.690000,1.700000,1.503756,249183
2012-09-18,1.695000,1.710000,1.685000,1.690000,1.494910,222123
2012-09-19,1.700000,1.700000,1.700000,1.700000,1.503756,66000
2012-09-20,1.720000,1.730000,1.720000,1.730000,1.530293,97748
2012-09-21,1.720000,1.740000,1.690000,1.690000,1.494910,97593
2012-09-24,1.720000,1.750000,1.720000,1.750000,1.547984,7820
2012-09-25,1.750000,1.765000,1.720000,1.750000,1.547984,61623
2012-09-26,1.750000,1.770000,1.700000,1.770000,1.565676,66000
2012-09-27,1.800000,1.800000,1.720000,1.750000,1.547984,706551
2012-09-28,1.750000,1.820000,1.750000,1.780000,1.574521,45423
2012-10-01,1.820000,1.820000,1.800000,1.800000,1.592212,9028
2012-10-02,1.800000,1.800000,1.780000,1.800000,1.592212,584865
2012-10-03,1.800000,1.800000,1.790000,1.800000,1.592212,42549
2012-10-04,1.790000,1.800000,1.770000,1.770000,1.565676,3120
2012-10-05,1.800000,1.820000,1.800000,1.820000,1.609904,62796
2012-10-07,1.820000,1.820000,1.820000,1.820000,1.609904,6111
2012-10-08,1.780000,1.820000,1.780000,1.815000,1.605481,38835
2012-10-09,1.800000,1.800000,1.790000,1.790000,1.583367,147350
2012-10-10,1.800000,1.800000,1.780000,1.800000,1.592212,94693
2012-10-11,1.780000,1.800000,1.760000,1.800000,1.592212,10033
2012-10-14,1.800000,1.800000,1.760000,1.790000,1.583367,6622
2012-10-15,1.790000,1.800000,1.760000,1.790000,1.583367,17188
2012-10-16,1.770000,1.790000,1.760000,1.785000,1.578944,12533
2012-10-17,1.730000,1.800000,1.730000,1.750000,1.547984,21281
2012-10-18,1.790000,1.800000,1.790000,1.800000,1.592212,167077
2012-10-21,1.780000,1.800000,1.780000,1.785000,1.578944,8506
2012-10-22,1.780000,1.800000,1.750000,1.800000,1.592212,47165
2012-10-23,1.800000,1.800000,1.800000,1.800000,1.592212,2770
2012-10-24,1.800000,1.800000,1.800000,1.800000,1.592212,10935
2012-10-25,1.770000,1.795000,1.770000,1.790000,1.583367,2901
2012-10-28,1.780000,1.800000,1.750000,1.790000,1.583367,223727
2012-10-29,1.790000,1.800000,1.760000,1.775000,1.570098,318615
2012-10-30,1.800000,1.810000,1.760000,1.810000,1.601058,244253
2012-10-31,1.800000,1.800000,1.790000,1.790000,1.583367,44875
2012-11-01,1.800000,1.850000,1.780000,1.830000,1.618749,778932
2012-11-04,1.840000,1.950000,1.840000,1.935000,1.711628,23064
2012-11-05,1.880000,1.945000,1.840000,1.925000,1.702783,37466
2012-11-06,1.860000,1.880000,1.850000,1.850000,1.636441,14488
2012-11-07,1.850000,1.860000,1.840000,1.840000,1.627595,18743
2012-11-08,1.850000,1.950000,1.850000,1.950000,1.724897,323156
2012-11-11,1.905000,1.980000,1.905000,1.910000,1.689514,182692
2012-11-12,1.910000,1.955000,1.910000,1.955000,1.729320,6846
2012-11-13,1.940000,1.980000,1.925000,1.980000,1.751434,257289
2012-11-14,1.980000,1.990000,1.975000,1.985000,1.755857,97051
2012-11-15,1.985000,1.990000,1.965000,1.975000,1.747011,182456
2012-11-18,1.980000,1.985000,1.960000,1.975000,1.747011,44983
2012-11-19,1.910000,1.975000,1.900000,1.975000,1.747011,15058
2012-11-20,1.950000,1.950000,1.950000,1.950000,1.724897,11558
2012-11-21,1.950000,1.950000,1.910000,1.945000,1.720474,38330
2012-11-22,1.910000,1.945000,1.895000,1.895000,1.676246,21202
2012-11-25,1.890000,1.900000,1.865000,1.900000,1.680669,42083
2012-11-26,1.930000,1.930000,1.850000,1.875000,1.658555,73556
2012-11-27,1.920000,1.930000,1.870000,1.920000,1.698360,173793
2012-11-28,1.875000,1.900000,1.850000,1.870000,1.654132,75848
2012-11-29,1.900000,1.930000,1.850000,1.920000,1.698360,106956
2012-12-02,1.930000,1.970000,1.870000,1.970000,1.742588,76852
2012-12-03,1.885000,1.960000,1.870000,1.880000,1.662977,17300
2012-12-04,1.950000,1.960000,1.940000,1.955000,1.729320,1023693
2012-12-05,1.920000,1.920000,1.870000,1.900000,1.680669,424543
2012-12-06,1.920000,1.950000,1.920000,1.950000,1.724897,305000
2012-12-09,1.940000,1.940000,1.920000,1.930000,1.707206,19042
2012-12-10,1.940000,1.950000,1.930000,1.940000,1.716051,50604
2012-12-11,1.940000,1.940000,1.930000,1.930000,1.707206,22673
2012-12-12,1.935000,1.960000,1.935000,1.960000,1.733743,175076
2012-12-13,1.920000,1.965000,1.920000,1.965000,1.738165,28744
2012-12-16,1.970000,1.970000,1.890000,1.900000,1.680669,65472
2012-12-17,1.880000,1.900000,1.880000,1.900000,1.680669,63225
2012-12-18,1.895000,1.920000,1.890000,1.920000,1.698360,30669
2012-12-19,1.920000,1.950000,1.920000,1.950000,1.724897,97562
2012-12-20,1.970000,1.980000,1.960000,1.980000,1.751434,13894
2012-12-23,1.980000,2.000000,1.960000,2.000000,1.769125,125392
2012-12-26,2.000000,2.000000,1.990000,1.995000,1.764702,24862
2012-12-27,2.000000,2.050000,1.995000,2.000000,1.769125,53857
2012-12-30,2.020000,2.020000,1.930000,1.935000,1.711628,53258
2013-01-01,1.935000,2.000000,1.935000,1.945000,1.720474,19988
2013-01-02,1.950000,1.995000,1.950000,1.995000,1.764702,25695
2013-01-03,1.995000,2.000000,1.980000,1.995000,1.764702,86619
2013-01-06,1.985000,1.990000,1.950000,1.980000,1.751434,23277
2013-01-07,1.970000,1.980000,1.950000,1.970000,1.742588,64681
2013-01-08,1.980000,1.990000,1.940000,1.940000,1.716051,128553
2013-01-09,1.955000,1.980000,1.935000,1.935000,1.711628,21750
2013-01-10,1.955000,1.955000,1.920000,1.950000,1.724897,18603
2013-01-13,1.930000,1.955000,1.925000,1.950000,1.724897,26322
2013-01-14,1.950000,1.990000,1.890000,1.950000,1.724897,276694
2013-01-15,1.930000,1.985000,1.930000,1.970000,1.742588,41846
2013-01-16,1.960000,1.960000,1.900000,1.940000,1.716051,58139
2013-01-17,1.940000,1.945000,1.940000,1.940000,1.716051,2987
2013-01-20,1.940000,1.950000,1.930000,1.950000,1.724897,54966
2013-01-21,1.950000,1.950000,1.937000,1.940000,1.716051,127971
2013-01-22,1.940000,1.950000,1.940000,1.950000,1.724897,23498
2013-01-23,1.940000,1.950000,1.940000,1.950000,1.724897,18380
2013-01-24,1.950000,1.990000,1.945000,1.990000,1.760279,381882
2013-01-28,1.990000,1.990000,1.955000,1.990000,1.760279,51119
2013-01-29,1.990000,2.200000,1.970000,2.070000,1.831044,1136223
2013-01-30,2.040000,2.100000,2.040000,2.060000,1.822199,54556
2013-01-31,2.090000,2.110000,2.070000,2.110000,1.866427,67984
2013-02-03,2.140000,2.190000,2.130000,2.150000,1.901809,69111
2013-02-04,2.170000,2.300000,2.170000,2.280000,2.016803,449977
2013-02-05,2.300000,2.430000,2.290000,2.300000,2.034494,682416
2013-02-06,2.300000,2.350000,2.250000,2.350000,2.078722,208991
2013-02-07,2.350000,2.350000,2.290000,2.300000,2.034494,119105
2013-02-10,2.300000,2.350000,2.300000,2.340000,2.069876,84740
2013-02-11,2.340000,2.360000,2.330000,2.360000,2.087567,113893
2013-02-12,2.340000,2.370000,2.340000,2.370000,2.096413,72910
2013-02-13,2.370000,2.370000,2.320000,2.320000,2.052185,51267
2013-02-14,2.320000,2.450000,2.320000,2.360000,2.087567,181674
2013-02-17,2.390000,2.400000,2.350000,2.370000,2.096413,62029
2013-02-18,2.370000,2.400000,2.360000,2.400000,2.122950,93297
2013-02-19,2.400000,2.400000,2.380000,2.400000,2.122950,81242
2013-02-20,2.400000,2.400000,2.370000,2.390000,2.114104,72089
2013-02-21,2.400000,2.600000,2.400000,2.600000,2.299862,457941
2013-02-24,2.600000,2.690000,2.580000,2.600000,2.299862,104867
2013-02-25,2.600000,2.600000,2.550000,2.580000,2.282171,109732
2013-02-26,2.600000,2.600000,2.530000,2.600000,2.345315,169606
2013-02-27,2.610000,2.680000,2.610000,2.640000,2.381396,55964
2013-02-28,2.600000,2.660000,2.590000,2.600000,2.345315,119805
2013-03-03,2.600000,2.640000,2.580000,2.620000,2.363355,100625
2013-03-04,2.600000,2.620000,2.580000,2.620000,2.363355,53690
2013-03-05,2.620000,2.630000,2.600000,2.600000,2.345315,117364
2013-03-06,2.600000,2.720000,2.590000,2.710000,2.444539,108711
2013-03-07,2.730000,2.740000,2.700000,2.710000,2.444539,77334
2013-03-10,2.680000,2.720000,2.610000,2.680000,2.417478,41447
2013-03-11,2.700000,2.700000,2.610000,2.650000,2.390416,156929
2013-03-12,2.650000,2.650000,2.550000,2.590000,2.336294,240120
2013-03-13,2.560000,2.650000,2.560000,2.620000,2.363355,116390
2013-03-14,2.630000,2.640000,2.550000,2.580000,2.327273,44926
2013-03-17,2.580000,2.590000,2.480000,2.480000,2.237069,227558
2013-03-18,2.550000,2.600000,2.550000,2.570000,2.318253,127842
2013-03-19,2.520000,2.630000,2.520000,2.570000,2.318253,124943
2013-03-20,2.630000,2.630000,2.590000,2.620000,2.363355,39250
2013-03-21,2.620000,2.680000,2.620000,2.670000,2.408457,868163
2013-03-24,2.670000,2.690000,2.590000,2.680000,2.417478,82233
2013-03-25,2.660000,2.660000,2.580000,2.630000,2.372376,21496
2013-03-26,2.600000,2.690000,2.600000,2.650000,2.390416,33754
2013-03-27,2.650000,2.700000,2.630000,2.700000,2.435519,216019
2013-04-01,2.700000,2.700000,2.660000,2.680000,2.417478,40407
2013-04-02,2.660000,2.700000,2.600000,2.690000,2.426498,28812
2013-04-03,2.660000,2.720000,2.620000,2.700000,2.435519,690247
2013-04-04,2.670000,2.700000,2.670000,2.700000,2.435519,509262
2013-04-08,2.690000,2.700000,2.650000,2.680000,2.417478,28400
2013-04-09,2.670000,2.720000,2.670000,2.700000,2.435519,202050
2013-04-10,2.710000,2.810000,2.705000,2.780000,2.507682,107365
2013-04-11,2.800000,2.890000,2.790000,2.870000,2.588866,454311
2013-04-12,2.890000,2.900000,2.750000,2.750000,2.480621,73770
2013-04-15,2.800000,2.860000,2.700000,2.800000,2.525723,97561
2013-04-16,2.750000,2.800000,2.750000,2.770000,2.498662,59533
2013-04-17,2.770000,2.850000,2.750000,2.780000,2.507682,65775
2013-04-18,2.800000,2.850000,2.800000,2.800000,2.525723,82530
2013-04-19,2.780000,2.830000,2.780000,2.800000,2.525723,35756
2013-04-22,2.790000,2.810000,2.770000,2.810000,2.534744,24288
2013-04-23,2.800000,2.810000,2.750000,2.800000,2.525723,23167
2013-04-24,2.800000,2.810000,2.780000,2.800000,2.525723,8850
2013-04-26,2.800000,2.840000,2.770000,2.770000,2.498662,62280
2013-04-29,2.800000,2.820000,2.780000,2.800000,2.525723,57691
2013-04-30,2.800000,2.830000,2.760000,2.830000,2.552784,69352
2013-05-01,2.840000,2.840000,2.830000,2.840000,2.561805,42064
2013-05-02,2.840000,2.840000,2.820000,2.830000,2.552784,54691
2013-05-03,2.830000,2.840000,2.810000,2.840000,2.561805,284516
2013-05-06,2.850000,2.900000,2.810000,2.860000,2.579846,555258
2013-05-07,2.860000,2.880000,2.840000,2.880000,2.597887,55665
2013-05-08,2.880000,2.880000,2.800000,2.810000,2.534744,59413
2013-05-09,2.810000,2.890000,2.810000,2.840000,2.561805,44175
2013-05-10,2.850000,2.850000,2.790000,2.790000,2.516703,65278
2013-05-13,2.790000,2.840000,2.790000,2.840000,2.561805,55440
2013-05-14,2.840000,2.850000,2.750000,2.830000,2.552784,46386
2013-05-15,2.830000,2.870000,2.800000,2.870000,2.588866,54386
2013-05-16,2.880000,2.900000,2.840000,2.870000,2.588866,40401
2013-05-17,2.890000,2.890000,2.870000,2.880000,2.597887,104167
2013-05-20,2.880000,2.950000,2.870000,2.870000,2.588866,163939
2013-05-21,2.900000,2.990000,2.890000,2.890000,2.606907,304494
2013-05-22,2.940000,2.940000,2.800000,2.890000,2.606907,42792
2013-05-23,2.870000,2.870000,2.830000,2.850000,2.570825,118065
2013-05-24,2.900000,2.940000,2.850000,2.850000,2.570825,192060
2013-05-27,2.850000,2.850000,2.790000,2.790000,2.516703,171786
2013-05-28,2.800000,2.860000,2.780000,2.800000,2.525723,50118
2013-05-29,2.900000,2.910000,2.760000,2.910000,2.624948,50161
2013-05-30,2.800000,2.830000,2.730000,2.730000,2.462580,451574
2013-05-31,2.730000,2.740000,2.700000,2.720000,2.453559,90822
2013-06-03,2.720000,2.720000,2.620000,2.710000,2.444539,81988
2013-06-04,2.690000,2.690000,2.590000,2.670000,2.408457,315660
2013-06-05,2.680000,2.680000,2.650000,2.670000,2.408457,38484
2013-06-06,2.670000,2.740000,2.610000,2.650000,2.390416,208579
2013-06-07,2.630000,2.750000,2.620000,2.650000,2.390416,47720
2013-06-11,2.650000,2.740000,2.640000,2.670000,2.408457,83806
2013-06-12,2.660000,2.740000,2.660000,2.700000,2.435519,23783
2013-06-13,2.710000,2.740000,2.670000,2.690000,2.426498,65097
2013-06-14,2.660000,2.720000,2.660000,2.670000,2.408457,47988
2013-06-17,2.670000,2.740000,2.660000,2.740000,2.471600,28142
2013-06-18,2.670000,2.700000,2.660000,2.700000,2.435519,24256
2013-06-19,2.660000,2.720000,2.630000,2.630000,2.372376,56595
2013-06-20,2.630000,2.640000,2.510000,2.600000,2.345315,59055
2013-06-21,2.600000,2.650000,2.580000,2.600000,2.345315,103880
2013-06-24,2.600000,2.620000,2.600000,2.620000,2.363355,13163
2013-06-25,2.630000,2.650000,2.620000,2.650000,2.390416,50904
2013-06-26,2.650000,2.650000,2.600000,2.640000,2.381396,41856
2013-06-27,2.640000,2.640000,2.510000,2.560000,2.309233,51286
2013-06-28,2.520000,2.600000,2.520000,2.580000,2.327273,78036
2013-07-01,2.580000,2.600000,2.510000,2.600000,2.345315,65457
2013-07-02,2.590000,2.600000,2.510000,2.600000,2.345315,100956
2013-07-03,2.510000,2.600000,2.500000,2.600000,2.345315,76038
2013-07-04,2.550000,2.600000,2.550000,2.600000,2.345315,56261
2013-07-05,2.580000,2.600000,2.570000,2.600000,2.345315,16994
2013-07-08,2.600000,2.600000,2.530000,2.590000,2.336294,43836
2013-07-09,2.600000,2.610000,2.550000,2.600000,2.345315,122486
2013-07-10,2.610000,2.610000,2.590000,2.600000,2.345315,43664
2013-07-11,2.600000,2.600000,2.550000,2.600000,2.345315,853744
2013-07-12,2.600000,2.620000,2.580000,2.610000,2.354335,185642
2013-07-15,2.640000,2.640000,2.615000,2.630000,2.372376,33208
2013-07-16,2.630000,2.650000,2.620000,2.650000,2.390416,141994
2013-07-17,2.650000,2.710000,2.630000,2.710000,2.444539,109205
2013-07-18,2.720000,2.830000,2.710000,2.750000,2.480621,194371
2013-07-19,2.780000,2.780000,2.720000,2.720000,2.453559,90240
2013-07-22,2.780000,2.780000,2.730000,2.750000,2.480621,150273
2013-07-23,2.750000,2.750000,2.730000,2.750000,2.480621,93152
2013-07-24,2.750000,2.770000,2.720000,2.760000,2.489641,108177
2013-07-25,2.770000,2.770000,2.730000,2.760000,2.489641,27333
2013-07-26,2.760000,2.770000,2.740000,2.740000,2.471600,48098
2013-07-29,2.750000,2.770000,2.730000,2.730000,2.462580,77016
2013-07-30,2.740000,2.750000,2.670000,2.740000,2.471600,246322
2013-07-31,2.740000,2.780000,2.740000,2.760000,2.489641,310090
2013-08-01,2.760000,2.770000,2.750000,2.770000,2.498662,116113
2013-08-02,2.770000,2.780000,2.660000,2.700000,2.435519,148518
2013-08-05,2.770000,2.770000,2.730000,2.750000,2.480621,52812
2013-08-06,2.730000,2.760000,2.710000,2.750000,2.480621,82963
2013-08-07,2.750000,2.750000,2.710000,2.720000,2.453559,238499
2013-08-08,2.750000,2.770000,2.740000,2.760000,2.489641,700176
2013-08-09,2.760000,2.760000,2.740000,2.760000,2.489641,104847
2013-08-12,2.760000,2.760000,2.750000,2.750000,2.480621,111319
2013-08-13,2.760000,2.770000,2.750000,2.770000,2.498662,77573
2013-08-14,2.770000,2.770000,2.720000,2.760000,2.489641,141287
2013-08-15,2.760000,2.760000,2.750000,2.760000,2.489641,110919
2013-08-16,2.730000,2.760000,2.730000,2.750000,2.480621,83254
2013-08-19,2.750000,2.760000,2.740000,2.750000,2.480621,127960
2013-08-20,2.750000,2.760000,2.730000,2.760000,2.489641,30546
2013-08-21,2.760000,2.760000,2.740000,2.760000,2.489641,89094
2013-08-22,2.760000,2.940000,2.730000,2.920000,2.633968,534655
2013-08-23,2.900000,2.950000,2.870000,2.930000,2.642989,213979
2013-08-26,2.950000,3.120000,2.950000,3.090000,2.787316,820500
2013-08-27,3.090000,3.090000,2.980000,3.030000,2.784690,1950111
2013-08-28,3.030000,3.040000,2.995000,3.040000,2.793880,95177
2013-08-29,3.020000,3.080000,2.980000,3.080000,2.830642,123877
2013-08-30,3.090000,3.200000,3.090000,3.170000,2.913356,139091
2013-09-02,3.180000,3.250000,3.120000,3.160000,2.904166,129596
2013-09-03,3.140000,3.190000,3.140000,3.170000,2.913356,157435
2013-09-04,3.200000,3.250000,3.160000,3.220000,2.959308,234111
2013-09-05,3.200000,3.240000,3.100000,3.120000,2.867403,456288
2013-09-06,3.160000,3.210000,3.100000,3.160000,2.904166,100041
2013-09-09,3.210000,3.210000,3.100000,3.180000,2.922546,49830
2013-09-10,3.210000,3.210000,3.150000,3.150000,2.894975,66559
2013-09-11,3.120000,3.180000,3.100000,3.150000,2.894975,88032
2013-09-12,3.200000,3.400000,3.200000,3.330000,3.060402,642519
2013-09-13,3.410000,3.490000,3.270000,3.300000,3.032831,459118
2013-09-16,3.350000,3.450000,3.340000,3.420000,3.143116,253007
2013-09-17,3.450000,3.500000,3.410000,3.450000,3.170687,303498
2013-09-18,3.500000,3.500000,3.450000,3.460000,3.179877,129876
2013-09-19,3.460000,3.460000,3.400000,3.400000,3.124735,153994
2013-09-20,3.410000,3.420000,3.380000,3.420000,3.143116,141950
2013-09-23,3.400000,3.420000,3.380000,3.400000,3.124735,88785
2013-09-24,3.390000,3.400000,3.300000,3.350000,3.078783,323326
2013-09-25,3.350000,3.400000,3.350000,3.390000,3.115544,79569
2013-09-26,3.400000,3.560000,3.400000,3.450000,3.170687,278431
2013-09-27,3.490000,3.500000,3.470000,3.490000,3.207448,220214
2013-09-30,3.510000,3.550000,3.480000,3.550000,3.262591,171740
2013-10-01,3.530000,3.570000,3.500000,3.570000,3.280972,216673
2013-10-02,3.570000,3.610000,3.490000,3.600000,3.308543,116863
2013-10-03,3.650000,3.650000,3.580000,3.640000,3.345304,67364
2013-10-04,3.650000,3.760000,3.580000,3.610000,3.317733,146824
2013-10-06,3.660000,3.660000,3.580000,3.580000,3.290162,67611
2013-10-07,3.630000,3.630000,3.410000,3.500000,3.216639,246037
2013-10-08,3.500000,3.660000,3.460000,3.650000,3.354495,406869
2013-10-09,3.660000,3.790000,3.660000,3.700000,3.400447,459162
2013-10-10,3.750000,3.900000,3.750000,3.820000,3.510731,454791
2013-10-13,3.850000,3.950000,3.830000,3.830000,3.519922,440570
2013-10-14,3.830000,3.880000,3.790000,3.850000,3.538303,342537
2013-10-15,3.850000,3.870000,3.830000,3.830000,3.519922,211936
2013-10-16,3.840000,3.900000,3.820000,3.850000,3.538303,932821
2013-10-17,3.900000,3.900000,3.840000,3.880000,3.565874,742085
2013-10-20,3.950000,4.210000,3.930000,4.080000,3.749681,360539
2013-10-21,4.070000,4.070000,3.970000,4.000000,3.676159,227707
2013-10-22,4.010000,4.010000,3.930000,3.930000,3.611826,191143
2013-10-23,4.000000,4.000000,3.940000,3.950000,3.630207,79130
2013-10-24,3.980000,4.000000,3.980000,4.000000,3.676159,120158
2013-10-27,4.010000,4.120000,4.000000,4.000000,3.676159,593987
2013-10-28,4.040000,4.540000,4.000000,4.170000,3.832395,691881
2013-10-29,4.300000,4.440000,4.290000,4.390000,4.034584,695604
2013-10-30,4.400000,4.470000,4.360000,4.410000,4.052965,9836702
2013-10-31,4.850000,4.940000,4.700000,4.830000,4.438962,1183569
2013-11-03,4.860000,5.150000,4.860000,5.050000,4.641150,2442865
2013-11-04,5.050000,5.050000,4.830000,4.970000,4.567627,432675
2013-11-05,4.920000,4.930000,4.800000,4.810000,4.420580,512742
2013-11-06,4.810000,4.880000,4.800000,4.840000,4.448152,643972
2013-11-07,4.800000,4.800000,4.510000,4.640000,4.264344,399662
2013-11-10,4.620000,4.660000,4.520000,4.520000,4.154059,205257
2013-11-11,4.490000,4.500000,4.330000,4.360000,4.007013,559360
2013-11-12,4.360000,4.680000,4.360000,4.580000,4.209202,343287
2013-11-13,4.600000,4.650000,4.410000,4.450000,4.089726,364060
2013-11-14,4.430000,4.750000,4.430000,4.750000,4.365438,775183
2013-11-17,4.800000,4.880000,4.760000,4.780000,4.393010,505396
2013-11-18,4.800000,4.800000,4.650000,4.670000,4.291914,168191
2013-11-19,4.650000,4.670000,4.610000,4.620000,4.245963,132160
2013-11-20,4.650000,4.700000,4.630000,4.670000,4.291914,504078
2013-11-21,4.700000,4.850000,4.670000,4.710000,4.328677,439580
2013-11-24,4.710000,4.710000,4.650000,4.670000,4.291914,345651
2013-11-25,4.650000,4.710000,4.650000,4.650000,4.273535,101103
2013-11-26,4.670000,4.680000,4.650000,4.650000,4.273535,283697
2013-11-27,4.650000,4.940000,4.650000,4.740000,4.356248,3310011
2013-11-28,4.700000,4.700000,4.650000,4.680000,4.301105,290849
2013-12-01,4.700000,4.700000,4.520000,4.550000,4.181630,991584
2013-12-02,4.550000,4.710000,4.550000,4.650000,4.273535,366761
2013-12-03,4.650000,4.650000,4.540000,4.560000,4.190821,206061
2013-12-04,4.510000,4.560000,4.510000,4.560000,4.190821,141854
2013-12-05,4.550000,4.560000,4.480000,4.480000,4.117298,268294
2013-12-08,4.410000,4.450000,4.350000,4.400000,4.043774,163246
2013-12-09,4.400000,4.500000,4.400000,4.440000,4.080536,148768
2013-12-10,4.440000,4.450000,4.360000,4.400000,4.043774,227306
2013-12-11,4.400000,4.420000,4.370000,4.400000,4.043774,195001
2013-12-12,4.440000,4.440000,4.350000,4.420000,4.062156,95700
2013-12-15,4.420000,4.470000,4.300000,4.390000,4.034584,151119
2013-12-16,4.400000,4.400000,4.340000,4.350000,3.997822,99550
2013-12-17,4.360000,4.490000,4.360000,4.420000,4.062156,268060
2013-12-18,4.470000,4.490000,4.350000,4.490000,4.126488,322043
2013-12-19,4.490000,4.520000,4.380000,4.400000,4.043774,254984
2013-12-22,4.400000,4.440000,4.350000,4.420000,4.062156,77541
2013-12-23,4.390000,4.450000,4.390000,4.450000,4.089726,17360
2013-12-26,4.450000,4.450000,4.410000,4.430000,4.071345,43636
2013-12-29,4.410000,4.500000,4.410000,4.500000,4.135679,92789
2013-12-30,4.490000,4.520000,4.430000,4.520000,4.154059,163134
2014-01-01,4.520000,4.540000,4.470000,4.500000,4.135679,128370
2014-01-02,4.480000,4.550000,4.470000,4.480000,4.117298,60821
2014-01-05,4.570000,4.580000,4.420000,4.430000,4.071345,56685
2014-01-06,4.440000,4.520000,4.410000,4.500000,4.135679,321405
2014-01-07,4.460000,4.560000,4.460000,4.500000,4.135679,296447
2014-01-08,4.540000,4.630000,4.540000,4.600000,4.227582,416479
2014-01-09,4.610000,4.660000,4.580000,4.580000,4.209202,264099
2014-01-12,4.600000,4.640000,4.580000,4.580000,4.209202,44004
2014-01-13,4.600000,4.600000,4.450000,4.470000,4.108107,234422
2014-01-14,4.510000,4.640000,4.480000,4.610000,4.236773,271253
2014-01-15,4.550000,4.740000,4.550000,4.620000,4.245963,638152
2014-01-16,4.680000,4.720000,4.640000,4.710000,4.328677,386995
2014-01-19,4.730000,4.740000,4.660000,4.730000,4.347057,264469
2014-01-20,4.730000,4.920000,4.720000,4.920000,4.521675,198661
2014-01-21,4.920000,4.920000,4.760000,4.800000,4.411391,192734
2014-01-22,4.840000,4.840000,4.760000,4.800000,4.411391,91626
2014-01-23,4.800000,4.850000,4.750000,4.830000,4.438962,77254
2014-01-27,4.830000,4.830000,4.750000,4.800000,4.411391,197521
2014-01-28,4.800000,4.850000,4.770000,4.850000,4.457342,66611
2014-01-29,4.800000,4.870000,4.770000,4.870000,4.475723,154703
2014-01-30,4.820000,4.860000,4.790000,4.830000,4.438962,335473
2014-02-02,4.850000,4.900000,4.830000,4.870000,4.475723,66313
2014-02-03,4.790000,4.900000,4.790000,4.900000,4.503294,163374
2014-02-04,4.900000,4.920000,4.880000,4.920000,4.521675,151181
2014-02-05,4.900000,4.920000,4.890000,4.900000,4.503294,234053
2014-02-06,4.900000,4.920000,4.850000,4.900000,4.503294,122948
2014-02-09,4.900000,4.920000,4.880000,4.910000,4.512484,211211
2014-02-10,4.930000,4.980000,4.900000,4.980000,4.576818,172591
2014-02-11,4.990000,5.020000,4.980000,5.000000,4.595197,235139
2014-02-12,4.970000,5.110000,4.960000,5.070000,4.659532,322070
2014-02-13,5.100000,5.180000,5.100000,5.150000,4.733054,298343
2014-02-16,5.170000,5.230000,5.130000,5.160000,4.742244,184966
2014-02-17,5.180000,5.180000,5.140000,5.150000,4.733054,215316
2014-02-18,5.160000,5.420000,5.160000,5.350000,4.916862,901881
2014-02-19,5.350000,5.350000,5.240000,5.260000,4.834148,540086
2014-02-20,5.260000,5.420000,5.260000,5.390000,4.953623,494652
2014-02-23,5.390000,5.460000,5.370000,5.430000,4.990386,387694
2014-02-24,5.450000,5.480000,5.430000,5.430000,5.043460,267167
2014-02-25,5.440000,5.470000,5.360000,5.420000,5.034173,201149
2014-02-26,5.350000,5.390000,5.320000,5.350000,4.969155,219764
2014-02-27,5.350000,5.400000,5.300000,5.350000,4.969155,129640
2014-03-02,5.350000,5.400000,5.300000,5.400000,5.015596,75127
2014-03-03,5.380000,5.400000,5.300000,5.400000,5.015596,263538
2014-03-04,5.380000,5.440000,5.360000,5.390000,5.006307,463589
2014-03-05,5.390000,5.440000,5.360000,5.390000,5.006307,328984
2014-03-06,5.390000,5.550000,5.320000,5.320000,4.941291,501013
2014-03-09,5.480000,5.480000,5.310000,5.380000,4.997020,525667
2014-03-10,5.400000,5.490000,5.380000,5.490000,5.099189,489548
2014-03-11,5.450000,5.590000,5.450000,5.500000,5.108478,123319
2014-03-12,5.500000,5.510000,5.390000,5.440000,5.052749,281275
2014-03-13,5.440000,5.440000,5.340000,5.380000,4.997020,229361
2014-03-16,5.380000,5.430000,5.320000,5.410000,5.024884,213689
2014-03-17,5.420000,5.440000,5.400000,5.440000,5.052749,267303
2014-03-18,5.440000,5.630000,5.360000,5.620000,5.219935,332143
2014-03-19,5.610000,5.620000,5.510000,5.570000,5.173494,404128
2014-03-20,5.500000,5.590000,5.440000,5.550000,5.154918,9392618
2014-03-23,5.550000,5.560000,5.500000,5.550000,5.154918,607981
2014-03-24,5.480000,5.500000,5.360000,5.390000,5.006307,300074
2014-03-25,5.410000,5.490000,5.400000,5.490000,5.099189,306761
2014-03-26,5.420000,5.460000,5.360000,5.380000,4.997020,276578
2014-03-27,5.400000,5.410000,5.280000,5.410000,5.024884,297308
2014-03-30,5.410000,5.440000,5.210000,5.260000,4.885562,300885
2014-03-31,5.250000,5.350000,5.220000,5.340000,4.959867,279692
2014-04-01,5.340000,5.350000,5.100000,5.160000,4.792680,421972
2014-04-02,5.170000,5.240000,5.160000,5.170000,4.801969,344870
2014-04-03,5.170000,5.200000,5.160000,5.170000,4.801969,197451
2014-04-07,5.130000,5.180000,4.980000,5.000000,4.644071,599597
2014-04-08,5.000000,5.100000,4.960000,5.030000,4.671936,438301
2014-04-09,5.080000,5.200000,5.070000,5.200000,4.829834,313929
2014-04-10,5.200000,5.200000,5.130000,5.190000,4.820545,177422
2014-04-11,5.130000,5.130000,5.040000,5.070000,4.709087,129943
2014-04-14,5.050000,5.050000,4.690000,4.860000,4.514036,564049
2014-04-15,4.920000,4.990000,4.890000,4.950000,4.597629,232988
2014-04-16,4.990000,5.030000,4.910000,5.020000,4.662646,194797
2014-04-17,5.030000,5.030000,4.960000,4.990000,4.634782,147138
2014-04-22,4.990000,5.030000,4.960000,5.030000,4.671936,225790
2014-04-23,5.030000,5.190000,5.020000,5.190000,4.820545,250656
2014-04-24,5.190000,5.200000,5.120000,5.140000,4.774104,162395
2014-04-28,5.140000,5.150000,5.120000,5.150000,4.783392,70864
2014-04-29,5.150000,5.150000,5.070000,5.090000,4.727664,225086
2014-04-30,5.100000,5.150000,5.080000,5.150000,4.783392,103680
2014-05-01,5.150000,5.170000,5.060000,5.100000,4.736951,535130
2014-05-02,5.100000,5.150000,5.050000,5.100000,4.736951,185233
2014-05-05,5.080000,5.140000,5.060000,5.140000,4.774104,236698
2014-05-06,5.110000,5.190000,5.100000,5.150000,4.783392,140401
2014-05-07,5.150000,5.150000,5.060000,5.080000,4.718375,171009
2014-05-08,5.100000,5.150000,5.080000,5.150000,4.783392,107529
2014-05-09,5.120000,5.120000,5.060000,5.080000,4.718375,103550
2014-05-12,5.090000,5.140000,5.060000,5.080000,4.718375,118903
2014-05-13,5.090000,5.190000,5.060000,5.150000,4.783392,216206
2014-05-14,5.140000,5.140000,5.060000,5.080000,4.718375,221215
2014-05-15,5.060000,5.150000,5.060000,5.150000,4.783392,248733
2014-05-16,5.080000,5.110000,5.070000,5.080000,4.718375,155435
2014-05-19,5.080000,5.090000,5.050000,5.060000,4.699799,215017
2014-05-20,5.050000,5.080000,5.030000,5.050000,4.690511,153876
2014-05-21,5.020000,5.050000,5.005000,5.050000,4.690511,329386
2014-05-22,5.060000,5.155000,5.050000,5.150000,4.783392,221978
2014-05-23,5.100000,5.180000,5.060000,5.140000,4.774104,196969
2014-05-26,5.170000,5.290000,5.110000,5.250000,4.876274,169726
2014-05-27,5.250000,5.390000,5.250000,5.360000,4.978443,188090
2014-05-28,5.380000,5.450000,5.275000,5.300000,4.922714,403814
2014-05-29,5.300000,5.390000,5.270000,5.390000,5.006307,84169
2014-05-30,5.370000,5.370000,5.290000,5.310000,4.932003,149350
2014-06-02,5.320000,5.330000,5.240000,5.280000,4.904138,130369
2014-06-03,5.260000,5.260000,5.110000,5.110000,4.746240,195465
2014-06-04,5.130000,5.260000,5.120000,5.200000,4.829834,241486
2014-06-05,5.190000,5.200000,5.000000,5.090000,4.727664,235006
2014-06-06,5.090000,5.190000,5.080000,5.160000,4.792680,167316
2014-06-10,5.160000,5.200000,5.140000,5.170000,4.801969,109022
2014-06-11,5.150000,5.150000,5.080000,5.100000,4.736951,157859
2014-06-12,5.050000,5.120000,5.020000,5.030000,4.671936,78310
2014-06-13,5.000000,5.010000,4.860000,4.900000,4.551188,349187
2014-06-16,4.820000,4.840000,4.740000,4.800000,4.458308,406420
2014-06-17,4.810000,4.940000,4.790000,4.910000,4.560477,132834
2014-06-18,4.910000,4.940000,4.870000,4.880000,4.532612,73316
2014-06-19,5.020000,5.050000,4.850000,5.050000,4.690511,330036
2014-06-20,5.010000,5.040000,4.960000,4.970000,4.616206,137586
2014-06-23,4.980000,5.050000,4.960000,5.030000,4.671936,125981
2014-06-24,4.970000,4.980000,4.880000,4.930000,4.579052,133591
2014-06-25,4.900000,4.910000,4.790000,4.900000,4.551188,222214
2014-06-26,4.870000,4.960000,4.820000,4.950000,4.597629,99628
2014-06-27,4.940000,4.960000,4.840000,4.850000,4.504748,132096
2014-06-30,4.850000,4.930000,4.800000,4.870000,4.523324,187444
2014-07-01,4.890000,4.950000,4.840000,4.950000,4.597629,168083
2014-07-02,4.860000,4.940000,4.860000,4.870000,4.523324,157922
2014-07-03,4.860000,4.880000,4.840000,4.860000,4.514036,331834
2014-07-04,4.880000,4.900000,4.850000,4.900000,4.551188,112893
2014-07-07,4.880000,4.900000,4.850000,4.850000,4.504748,142788
2014-07-08,4.870000,4.910000,4.850000,4.910000,4.560477,175478
2014-07-09,4.880000,4.890000,4.820000,4.850000,4.504748,102628
2014-07-10,4.850000,4.900000,4.850000,4.880000,4.532612,93420
2014-07-11,4.840000,4.880000,4.820000,4.820000,4.476884,145041
2014-07-14,4.840000,4.920000,4.830000,4.920000,4.569766,132125
2014-07-15,4.920000,4.940000,4.850000,4.940000,4.588342,169759
2014-07-16,4.900000,4.940000,4.860000,4.930000,4.579052,107160
2014-07-17,4.980000,4.990000,4.920000,4.930000,4.579052,181743
2014-07-18,4.930000,4.950000,4.850000,4.870000,4.523324,113833
2014-07-21,4.900000,4.930000,4.880000,4.930000,4.579052,171532
2014-07-22,4.910000,4.930000,4.890000,4.930000,4.579052,130288
2014-07-23,4.930000,4.940000,4.900000,4.910000,4.560477,96092
2014-07-24,4.920000,4.920000,4.850000,4.850000,4.504748,64671
2014-07-25,4.850000,4.890000,4.800000,4.860000,4.514036,238213
2014-07-28,4.850000,4.870000,4.840000,4.850000,4.504748,181661
2014-07-29,4.850000,4.900000,4.820000,4.900000,4.551188,114260
2014-07-30,4.930000,4.960000,4.880000,4.910000,4.560477,152344
2014-07-31,4.860000,4.900000,4.850000,4.880000,4.532612,172998
2014-08-01,4.840000,4.900000,4.810000,4.850000,4.504748,232551
2014-08-04,4.850000,4.880000,4.830000,4.850000,4.504748,134301
2014-08-05,4.860000,4.920000,4.840000,4.880000,4.532612,193977
2014-08-06,4.880000,4.920000,4.850000,4.870000,4.523324,225613
2014-08-07,4.870000,4.880000,4.820000,4.870000,4.523324,170045
2014-08-08,4.870000,4.910000,4.850000,4.900000,4.551188,638230
2014-08-11,4.900000,4.920000,4.850000,4.870000,4.523324,220714
2014-08-12,4.880000,4.900000,4.870000,4.900000,4.551188,163699
2014-08-13,4.890000,4.910000,4.870000,4.900000,4.551188,133606
2014-08-14,4.900000,4.980000,4.880000,4.970000,4.616206,390738
2014-08-15,4.980000,5.150000,4.970000,5.070000,4.709087,402483
2014-08-18,5.100000,5.190000,5.100000,5.150000,4.783392,201644
2014-08-19,5.200000,5.200000,5.160000,5.200000,4.829834,165127
2014-08-20,5.200000,5.320000,5.200000,5.290000,4.913427,311589
2014-08-21,5.380000,5.410000,5.280000,5.300000,4.922714,234505
2014-08-22,5.310000,5.310000,5.170000,5.250000,4.876274,143134
2014-08-25,5.240000,5.270000,5.190000,5.270000,4.894850,123343
2014-08-26,5.220000,5.220000,4.980000,5.100000,4.736951,282714
2014-08-27,5.080000,5.120000,5.040000,5.060000,4.699799,142267
2014-08-28,5.020000,5.060000,4.860000,4.990000,4.694423,308801
2014-08-29,5.000000,5.070000,4.990000,5.060000,4.760277,123403
2014-09-01,5.060000,5.090000,5.020000,5.020000,4.722647,122093
2014-09-02,5.020000,5.060000,4.990000,5.040000,4.741462,112050
2014-09-03,5.000000,5.110000,4.990000,5.050000,4.750870,174244
2014-09-04,5.070000,5.150000,5.030000,5.130000,4.826131,259360
2014-09-05,5.120000,5.150000,5.080000,5.140000,4.835539,256442
2014-09-08,5.120000,5.160000,5.110000,5.160000,4.854354,247655
2014-09-09,5.150000,5.270000,5.105000,5.270000,4.957838,397073
2014-09-10,5.220000,5.290000,5.220000,5.240000,4.929615,341876
2014-09-11,5.250000,5.250000,5.170000,5.200000,4.891985,362043
2014-09-12,5.200000,5.240000,5.170000,5.200000,4.891985,274796
2014-09-15,5.150000,5.180000,5.010000,5.150000,4.844946,169786
2014-09-16,5.150000,5.170000,4.990000,5.030000,4.732055,255280
2014-09-17,5.030000,5.040000,4.930000,4.970000,4.675608,379727
2014-09-18,5.010000,5.070000,5.000000,5.020000,4.722647,320336
2014-09-19,5.050000,5.070000,5.000000,5.030000,4.732055,1948037
2014-09-22,5.030000,5.130000,5.020000,5.030000,4.732055,381446
2014-09-23,5.040000,5.170000,5.020000,5.090000,4.788500,282343
2014-09-24,5.160000,5.200000,5.020000,5.060000,4.760277,196278
2014-09-25,5.070000,5.100000,5.060000,5.080000,4.779093,144329
2014-09-26,5.030000,5.030000,5.000000,5.010000,4.713239,208734
2014-09-29,5.010000,5.040000,5.000000,5.000000,4.703832,292631
2014-09-30,5.000000,5.040000,4.980000,5.030000,4.732055,591287
2014-10-01,4.980000,5.100000,4.950000,5.090000,4.788500,270691
2014-10-02,5.030000,5.050000,4.990000,4.990000,4.694423,212003
2014-10-03,4.990000,5.000000,4.980000,5.000000,4.703832,156064
2014-10-05,5.030000,5.050000,5.010000,5.030000,4.732055,61251
2014-10-06,5.020000,5.080000,4.950000,4.990000,4.694423,274227
2014-10-07,4.950000,5.000000,4.940000,5.000000,4.703832,230968
2014-10-08,5.000000,5.020000,4.960000,4.980000,4.685016,135755
2014-10-09,4.900000,4.960000,4.850000,4.870000,4.581532,334154
2014-10-12,4.820000,4.860000,4.760000,4.790000,4.506270,171998
2014-10-13,4.750000,4.790000,4.710000,4.780000,4.496863,243491
2014-10-14,4.790000,4.850000,4.710000,4.850000,4.562716,312554
2014-10-15,4.790000,4.830000,4.710000,4.790000,4.506270,321106
2014-10-16,4.840000,4.850000,4.800000,4.830000,4.543900,113863
2014-10-19,4.850000,4.900000,4.830000,4.890000,4.600347,152711
2014-10-20,4.900000,4.950000,4.890000,4.950000,4.656793,155233
2014-10-21,4.990000,5.060000,4.970000,5.060000,4.760277,181584
2014-10-22,5.030000,5.140000,5.030000,5.140000,4.835539,224390
2014-10-23,5.150000,5.200000,5.130000,5.140000,4.835539,344900
2014-10-26,5.150000,5.170000,5.110000,5.130000,4.826131,306459
2014-10-27,5.130000,5.150000,4.970000,5.130000,4.826131,821707
2014-10-28,5.160000,5.180000,4.970000,5.100000,4.797908,308865
2014-10-29,5.090000,5.110000,4.990000,5.050000,4.750870,336601
2014-10-30,5.060000,5.200000,5.010000,5.180000,4.873169,393572
2014-11-02,5.180000,5.200000,5.130000,5.160000,4.854354,198546
2014-11-03,5.160000,5.190000,5.150000,5.170000,4.863761,233561
2014-11-04,5.170000,5.240000,5.090000,5.150000,4.844946,537734
2014-11-05,5.160000,5.205000,5.110000,5.170000,4.863761,204227
2014-11-06,5.180000,5.460000,5.160000,5.290000,4.976654,639716
2014-11-09,5.310000,5.380000,5.310000,5.340000,5.023692,507305
2014-11-10,5.420000,5.460000,5.330000,5.350000,5.033100,465162
2014-11-11,5.360000,5.440000,5.280000,5.320000,5.004876,358861
2014-11-12,5.340000,5.370000,5.300000,5.300000,4.986061,273385
2014-11-13,5.330000,5.450000,5.310000,5.350000,5.033100,293731
2014-11-16,5.430000,5.430000,5.260000,5.260000,4.948431,424674
2014-11-17,5.350000,5.370000,5.260000,5.300000,4.986061,293130
2014-11-18,5.320000,5.340000,5.280000,5.320000,5.004876,299316
2014-11-19,5.350000,5.370000,5.310000,5.310000,4.995469,351364
2014-11-20,5.330000,5.350000,5.270000,5.270000,4.957838,146464
2014-11-23,5.260000,5.330000,5.250000,5.330000,5.014284,396074
2014-11-24,5.290000,5.350000,5.190000,5.210000,4.901392,2967539
2014-11-25,5.290000,5.310000,5.270000,5.280000,4.967246,234111
2014-11-26,5.280000,5.340000,5.280000,5.300000,4.986061,219961
2014-11-27,5.310000,5.310000,5.120000,5.130000,4.826131,343424
2014-11-30,5.120000,5.160000,4.970000,5.000000,4.703832,235125
2014-12-01,5.000000,5.030000,4.900000,4.960000,4.666201,293294
2014-12-02,4.900000,5.030000,4.900000,5.030000,4.732055,277484
2014-12-03,4.970000,5.040000,4.950000,5.020000,4.722647,135035
2014-12-04,5.020000,5.020000,4.920000,4.930000,4.637977,136095
2014-12-07,4.930000,4.970000,4.920000,4.960000,4.666201,84364
2014-12-08,4.920000,4.950000,4.840000,4.840000,4.553309,202702
2014-12-09,4.850000,4.870000,4.780000,4.850000,4.562716,146281
2014-12-10,4.800000,4.860000,4.780000,4.860000,4.572124,188039
2014-12-11,4.850000,4.970000,4.820000,4.920000,4.628570,233910
2014-12-14,4.870000,4.900000,4.760000,4.790000,4.506270,186012
2014-12-15,4.780000,4.790000,4.730000,4.770000,4.487455,315253
2014-12-16,4.800000,4.800000,4.730000,4.770000,4.487455,259012
2014-12-17,4.780000,4.900000,4.760000,4.780000,4.496863,320710
2014-12-18,4.820000,4.920000,4.790000,4.900000,4.609755,473853
2014-12-21,4.910000,5.020000,4.910000,5.010000,4.713239,214781
2014-12-22,5.010000,5.070000,4.940000,4.940000,4.647385,172724
2014-12-23,4.950000,4.990000,4.900000,4.960000,4.666201,112211
2014-12-28,4.960000,5.130000,4.940000,5.130000,4.826131,78555
2014-12-29,5.110000,5.190000,5.090000,5.110000,4.807315,118888
2014-12-30,5.160000,5.210000,5.150000,5.150000,4.844946,133246
2015-01-01,5.150000,5.220000,5.060000,5.170000,4.863761,86629
2015-01-04,5.150000,5.250000,5.010000,5.190000,4.882577,139966
2015-01-05,5.120000,5.160000,5.020000,5.070000,4.769685,121810
2015-01-06,5.060000,5.060000,4.960000,5.000000,4.703832,105868
2015-01-07,5.000000,5.110000,4.970000,5.070000,4.769685,144677
2015-01-08,5.100000,5.200000,5.080000,5.180000,4.873169,162738
2015-01-11,5.150000,5.210000,5.110000,5.160000,4.854354,121485
2015-01-12,5.120000,5.150000,5.050000,5.090000,4.788500,171489
2015-01-13,5.090000,5.090000,5.000000,5.000000,4.703832,155323
2015-01-14,5.000000,5.030000,4.940000,4.980000,4.685016,210733
2015-01-15,4.940000,4.950000,4.810000,4.870000,4.581532,211524
2015-01-18,4.910000,4.910000,4.860000,4.900000,4.609755,134722
2015-01-19,4.880000,4.880000,4.820000,4.870000,4.581532,88119
2015-01-20,4.870000,4.970000,4.870000,4.970000,4.675608,69923
2015-01-21,4.980000,5.020000,4.950000,4.980000,4.685016,77593
2015-01-22,4.980000,5.050000,4.980000,5.020000,4.722647,78895
2015-01-26,5.020000,5.100000,5.020000,5.070000,4.769685,183038
2015-01-27,5.050000,5.120000,5.050000,5.100000,4.797908,195658
2015-01-28,5.060000,5.140000,5.030000,5.130000,4.826131,140545
2015-01-29,5.140000,5.140000,5.040000,5.110000,4.807315,177217
2015-02-01,5.060000,5.140000,5.030000,5.090000,4.788500,139545
2015-02-02,5.110000,5.110000,5.020000,5.090000,4.788500,169031
2015-02-03,5.100000,5.100000,5.030000,5.070000,4.769685,127268
2015-02-04,5.060000,5.150000,5.060000,5.130000,4.826131,132476
2015-02-05,5.140000,5.160000,5.080000,5.080000,4.779093,75179
2015-02-08,5.070000,5.130000,5.070000,5.110000,4.807315,143340
2015-02-09,5.110000,5.150000,5.090000,5.110000,4.807315,80041
2015-02-10,5.130000,5.140000,5.060000,5.110000,4.807315,120545
2015-02-11,5.130000,5.250000,5.130000,5.250000,4.939023,272389
2015-02-12,5.250000,5.320000,5.150000,5.150000,4.844946,308868
2015-02-15,5.170000,5.240000,5.100000,5.230000,4.920208,94860
2015-02-16,5.220000,5.250000,5.210000,5.230000,4.920208,111729
2015-02-17,5.240000,5.250000,4.880000,5.050000,4.750870,368174
2015-02-18,5.070000,5.170000,5.010000,5.040000,4.741462,326094
2015-02-19,5.060000,5.070000,4.830000,4.930000,4.637977,356823
2015-02-22,4.980000,4.980000,4.870000,4.890000,4.600347,417805
2015-02-23,4.870000,4.980000,4.860000,4.880000,4.590940,222683
2015-02-24,4.890000,4.900000,4.870000,4.890000,4.600347,284709
2015-02-25,4.870000,4.870000,4.740000,4.790000,4.559552,227954
2015-02-26,4.810000,4.810000,4.715000,4.800000,4.569071,738012
2015-03-01,4.830000,4.980000,4.800000,4.910000,4.673778,325475
2015-03-02,4.930000,4.960000,4.810000,4.850000,4.616665,270041
2015-03-03,4.850000,4.890000,4.810000,4.830000,4.597627,152445
2015-03-04,4.820000,4.860000,4.800000,4.850000,4.616665,134039
2015-03-05,4.850000,4.860000,4.760000,4.770000,4.540514,222786
2015-03-08,4.760000,4.850000,4.640000,4.670000,4.445325,460936
2015-03-09,4.660000,4.730000,4.640000,4.650000,4.426288,299479
2015-03-10,4.620000,4.790000,4.610000,4.690000,4.464363,314089
2015-03-11,4.710000,4.800000,4.700000,4.710000,4.483401,144950
2015-03-12,4.720000,4.750000,4.690000,4.730000,4.502438,149658
2015-03-15,4.730000,4.790000,4.710000,4.730000,4.502438,173956
2015-03-16,4.760000,4.790000,4.720000,4.730000,4.502438,133158
2015-03-17,4.750000,4.750000,4.700000,4.750000,4.521476,165913
2015-03-18,4.750000,4.860000,4.750000,4.840000,4.607147,413569
2015-03-19,4.860000,4.920000,4.860000,4.900000,4.664259,199046
2015-03-22,4.860000,4.880000,4.790000,4.830000,4.597627,142199
2015-03-23,4.810000,4.910000,4.810000,4.860000,4.626184,87518
2015-03-24,4.910000,4.910000,4.840000,4.850000,4.616665,126126
2015-03-25,4.850000,4.900000,4.850000,4.860000,4.626184,259149
2015-03-26,4.850000,4.890000,4.840000,4.870000,4.635703,141035
2015-03-29,4.820000,4.870000,4.770000,4.780000,4.550033,149925
2015-03-30,4.770000,4.800000,4.760000,4.800000,4.569071,215807
2015-03-31,4.780000,4.810000,4.760000,4.780000,4.550033,155412
2015-04-01,4.800000,4.890000,4.780000,4.880000,4.645222,141660
2015-04-07,4.880000,5.070000,4.880000,4.900000,4.664259,167706
2015-04-08,4.900000,5.020000,4.900000,5.000000,4.759448,91878
2015-04-09,5.000000,5.080000,4.980000,5.050000,4.807043,191680
2015-04-10,5.090000,5.090000,5.040000,5.050000,4.807043,57196
2015-04-13,5.060000,5.090000,4.930000,4.990000,4.749929,59707
2015-04-14,4.960000,4.980000,4.860000,4.930000,4.692816,107736
2015-04-15,4.930000,4.940000,4.840000,4.890000,4.654740,114939
2015-04-16,4.890000,4.970000,4.840000,4.880000,4.645222,128049
2015-04-17,4.830000,4.880000,4.800000,4.820000,4.588109,319436
2015-04-20,4.800000,4.890000,4.790000,4.830000,4.597627,80027
2015-04-21,4.870000,4.890000,4.830000,4.850000,4.616665,107534
2015-04-22,4.840000,4.940000,4.840000,4.860000,4.626184,103061
2015-04-23,4.860000,4.890000,4.830000,4.880000,4.645222,42366
2015-04-24,4.900000,4.990000,4.870000,4.990000,4.749929,100071
2015-04-27,4.970000,5.050000,4.950000,5.050000,4.807043,192571
2015-04-28,5.030000,5.040000,5.000000,5.010000,4.768968,81821
2015-04-29,5.030000,5.040000,4.940000,4.950000,4.711854,82642
2015-04-30,4.930000,4.930000,4.830000,4.830000,4.597627,218153
2015-05-01,4.840000,4.950000,4.840000,4.900000,4.664259,125769
2015-05-04,4.970000,5.000000,4.910000,4.990000,4.749929,86681
2015-05-05,4.990000,5.070000,4.990000,5.020000,4.778486,244575
2015-05-06,4.990000,4.990000,4.900000,4.920000,4.683298,144507
2015-05-07,4.900000,4.930000,4.790000,4.840000,4.607147,175580
2015-05-08,4.800000,4.890000,4.800000,4.880000,4.645222,102229
2015-05-11,5.000000,5.000000,4.870000,4.890000,4.654740,87197
2015-05-12,4.870000,4.980000,4.870000,4.960000,4.721373,48214
2015-05-13,4.870000,4.990000,4.870000,4.990000,4.749929,70125
2015-05-14,4.890000,4.970000,4.870000,4.970000,4.730892,82418
2015-05-15,4.980000,5.040000,4.970000,5.040000,4.797524,132995
2015-05-18,5.040000,5.050000,4.870000,4.870000,4.635703,111831
2015-05-19,4.600000,4.840000,4.550000,4.670000,4.445325,1639617
2015-05-20,4.710000,4.750000,4.650000,4.720000,4.492919,296407
2015-05-21,4.720000,4.725000,4.640000,4.660000,4.435806,275175
2015-05-22,4.690000,4.730000,4.650000,4.680000,4.454844,117586
2015-05-25,4.700000,4.720000,4.610000,4.640000,4.416768,253617
2015-05-26,4.630000,4.695000,4.620000,4.660000,4.435806,125979
2015-05-27,4.610000,4.630000,4.590000,4.620000,4.397730,172102
2015-05-28,4.640000,4.660000,4.590000,4.600000,4.378692,125546
2015-05-29,4.620000,4.700000,4.620000,4.640000,4.416768,265301
2015-06-01,4.640000,4.680000,4.590000,4.630000,4.407249,215339
2015-06-02,4.630000,4.680000,4.500000,4.570000,4.350136,325389
2015-06-03,4.530000,4.560000,4.440000,4.500000,4.283503,413525
2015-06-04,4.520000,4.520000,4.470000,4.490000,4.273985,409340
2015-06-05,4.500000,4.520000,4.470000,4.500000,4.283503,337258
2015-06-09,4.500000,4.510000,4.410000,4.480000,4.264466,440531
2015-06-10,4.500000,4.510000,4.450000,4.500000,4.283503,1244484
2015-06-11,4.530000,4.540000,4.490000,4.500000,4.283503,155781
2015-06-12,4.510000,4.530000,4.470000,4.470000,4.254947,109261
2015-06-15,4.470000,4.490000,4.400000,4.450000,4.235909,172948
2015-06-16,4.420000,4.450000,4.350000,4.410000,4.197833,147966
2015-06-17,4.440000,4.460000,4.380000,4.430000,4.216871,197055
2015-06-18,4.400000,4.440000,4.380000,4.420000,4.207353,537480
2015-06-19,4.450000,4.540000,4.450000,4.500000,4.283503,420993
2015-06-22,4.480000,4.530000,4.480000,4.510000,4.293023,162221
2015-06-23,4.560000,4.610000,4.490000,4.540000,4.321579,306240
2015-06-24,4.540000,4.540000,4.460000,4.510000,4.293023,169435
2015-06-25,4.490000,4.510000,4.420000,4.450000,4.235909,601721
2015-06-26,4.450000,4.480000,4.370000,4.400000,4.188315,335058
2015-06-29,4.350000,4.390000,4.290000,4.290000,4.083607,319261
2015-06-30,4.260000,4.350000,4.260000,4.330000,4.121682,342770
2015-07-01,4.350000,4.385000,4.310000,4.350000,4.140720,301053
2015-07-02,4.350000,4.470000,4.350000,4.470000,4.254947,485144
2015-07-03,4.450000,4.540000,4.435000,4.500000,4.283503,401074
2015-07-06,4.500000,4.570000,4.470000,4.510000,4.293023,375402
2015-07-07,4.540000,4.650000,4.530000,4.640000,4.416768,251318
2015-07-08,4.580000,4.600000,4.530000,4.530000,4.312061,546618
2015-07-09,4.500000,4.540000,4.450000,4.520000,4.302541,335389
2015-07-10,4.530000,4.550000,4.460000,4.460000,4.245428,140735
2015-07-13,4.460000,4.530000,4.450000,4.500000,4.283503,122811
2015-07-14,4.560000,4.640000,4.540000,4.640000,4.416768,161145
2015-07-15,4.630000,4.730000,4.630000,4.700000,4.473881,245609
2015-07-16,4.770000,4.770000,4.640000,4.660000,4.435806,277676
2015-07-17,4.670000,4.710000,4.610000,4.640000,4.416768,171004
2015-07-20,4.660000,4.720000,4.660000,4.680000,4.454844,106214
2015-07-21,4.700000,4.710000,4.650000,4.650000,4.426288,143055
2015-07-22,4.600000,4.600000,4.540000,4.540000,4.321579,156759
2015-07-23,4.560000,4.615000,4.495000,4.570000,4.350136,203359
2015-07-24,4.540000,4.580000,4.460000,4.500000,4.283503,122571
2015-07-27,4.500000,4.570000,4.470000,4.540000,4.321579,99914
2015-07-28,4.510000,4.590000,4.470000,4.580000,4.359655,114716
2015-07-29,4.610000,4.640000,4.580000,4.620000,4.397730,79628
2015-07-30,4.640000,4.710000,4.610000,4.700000,4.473881,78869
2015-07-31,4.690000,4.800000,4.690000,4.760000,4.530995,177670
2015-08-03,4.770000,4.780000,4.730000,4.750000,4.521476,63811
2015-08-04,4.730000,4.830000,4.710000,4.800000,4.569071,142255
2015-08-05,4.790000,4.800000,4.740000,4.800000,4.569071,151173
2015-08-06,4.760000,4.800000,4.750000,4.770000,4.540514,116870
2015-08-07,4.720000,4.770000,4.660000,4.670000,4.445325,223769
2015-08-10,4.660000,4.700000,4.650000,4.690000,4.464363,74601
2015-08-11,4.720000,4.740000,4.620000,4.670000,4.445325,70769
2015-08-12,4.650000,4.700000,4.510000,4.540000,4.321579,249879
2015-08-13,4.530000,4.600000,4.520000,4.560000,4.340617,77487
2015-08-14,4.500000,4.620000,4.460000,4.540000,4.321579,154629
2015-08-17,4.570000,4.630000,4.550000,4.610000,4.388212,80161
2015-08-18,4.570000,4.600000,4.440000,4.440000,4.226391,123236
2015-08-19,4.450000,4.480000,4.385000,4.420000,4.207353,161717
2015-08-20,4.360000,4.510000,4.265000,4.270000,4.064569,189829
2015-08-21,4.250000,4.280000,3.940000,4.240000,4.036012,219921
2015-08-24,4.150000,4.290000,4.020000,4.130000,3.931305,255327
2015-08-25,4.100000,4.340000,4.010000,4.280000,4.074088,200348
2015-08-26,4.150000,4.470000,4.120000,4.470000,4.254947,123531
2015-08-27,4.470000,4.530000,4.410000,4.500000,4.283503,137316
2015-08-28,4.500000,4.510000,4.330000,4.510000,4.293023,187397
2015-08-31,4.460000,4.510000,4.400000,4.500000,4.283503,218172
2015-09-01,4.290000,4.500000,4.270000,4.390000,4.178796,145761
2015-09-02,4.300000,4.440000,4.250000,4.370000,4.221578,150011
2015-09-03,4.390000,4.410000,4.290000,4.330000,4.182936,191703
2015-09-04,4.340000,4.460000,4.300000,4.430000,4.279540,201242
2015-09-07,4.430000,4.440000,4.380000,4.440000,4.289200,105363
2015-09-08,4.450000,4.490000,4.410000,4.490000,4.337502,121636
2015-09-09,4.490000,4.550000,4.460000,4.530000,4.376143,282199
2015-09-10,4.440000,4.520000,4.400000,4.470000,4.318182,194237
2015-09-11,4.460000,4.520000,4.410000,4.500000,4.347162,92200
2015-09-14,4.530000,4.530000,4.430000,4.460000,4.308521,136088
2015-09-15,4.450000,4.500000,4.340000,4.380000,4.231238,196250
2015-09-16,4.420000,4.550000,4.420000,4.540000,4.385804,237186
2015-09-17,4.610000,4.650000,4.530000,4.550000,4.395464,335800
2015-09-18,4.560000,4.600000,4.500000,4.540000,4.385804,190686
2015-09-21,4.490000,4.490000,4.350000,4.450000,4.298860,142418
2015-09-22,4.500000,4.540000,4.480000,4.540000,4.385804,102356
2015-09-23,4.490000,4.530000,4.400000,4.470000,4.318182,179035
2015-09-24,4.440000,4.600000,4.440000,4.600000,4.443766,204506
2015-09-25,4.600000,4.610000,4.570000,4.600000,4.443766,76187
2015-09-28,4.560000,4.720000,4.560000,4.720000,4.559690,121349
2015-09-29,4.600000,4.690000,4.560000,4.620000,4.463087,201787
2015-09-30,4.610000,4.770000,4.570000,4.730000,4.569350,138241
2015-10-01,4.750000,4.800000,4.700000,4.800000,4.636973,201217
2015-10-02,4.770000,4.900000,4.750000,4.860000,4.694935,415226
2015-10-04,4.870000,4.990000,4.870000,4.990000,4.820520,200064
2015-10-05,4.940000,4.940000,4.850000,4.920000,4.752898,119119
2015-10-06,4.930000,4.960000,4.890000,4.960000,4.791539,124651
2015-10-07,4.980000,5.000000,4.910000,4.950000,4.781878,141447
2015-10-08,4.980000,4.980000,4.860000,4.860000,4.694935,187137
2015-10-11,4.800000,4.900000,4.760000,4.760000,4.598332,126994
2015-10-12,4.760000,4.840000,4.730000,4.770000,4.607992,65173
2015-10-13,4.700000,4.780000,4.670000,4.670000,4.511389,95819
2015-10-14,4.750000,4.750000,4.600000,4.680000,4.521049,94977
2015-10-15,4.740000,4.750000,4.630000,4.670000,4.511389,110931
2015-10-18,4.680000,4.760000,4.680000,4.760000,4.598332,67288
2015-10-19,4.710000,4.800000,4.700000,4.790000,4.627313,95600
2015-10-20,4.750000,4.800000,4.670000,4.790000,4.627313,109908
2015-10-21,4.760000,4.880000,4.750000,4.850000,4.685275,257783
2015-10-22,4.900000,5.060000,4.900000,5.000000,4.830181,493736
2015-10-25,5.030000,5.050000,5.010000,5.050000,4.878482,254883
2015-10-26,5.050000,5.070000,5.030000,5.050000,4.878482,177198
2015-10-27,5.030000,5.060000,4.920000,4.960000,4.791539,135756
2015-10-28,4.990000,6.020000,4.980000,5.700000,5.506406,1612682
2015-10-29,5.910000,5.980000,5.750000,5.800000,5.603010,14726380
2015-11-01,5.810000,5.970000,5.800000,5.900000,5.699613,1410852
2015-11-02,5.850000,5.880000,5.790000,5.830000,5.631990,525270
2015-11-03,5.810000,5.880000,5.720000,5.850000,5.651311,562188
2015-11-04,5.830000,5.890000,5.710000,5.790000,5.593349,348605
2015-11-05,5.760000,5.800000,5.680000,5.800000,5.603010,470542
2015-11-08,5.780000,5.800000,5.600000,5.690000,5.496745,658753
2015-11-09,5.680000,5.680000,5.450000,5.520000,5.332519,523317
2015-11-10,5.550000,5.590000,5.425000,5.550000,5.361500,406246
2015-11-11,5.560000,5.700000,5.560000,5.650000,5.458104,662831
2015-11-12,5.640000,5.640000,5.540000,5.540000,5.351840,222781
2015-11-15,5.530000,5.630000,5.520000,5.550000,5.361500,361940
2015-11-16,5.620000,5.770000,5.570000,5.770000,5.574028,318273
2015-11-17,5.750000,5.840000,5.720000,5.810000,5.612670,294940
2015-11-18,5.890000,5.890000,5.810000,5.860000,5.660971,410658
2015-11-19,5.870000,5.940000,5.840000,5.870000,5.670631,431642
2015-11-22,5.870000,5.950000,5.850000,5.910000,5.709273,328139
2015-11-23,5.900000,5.910000,5.790000,5.900000,5.699613,366957
2015-11-24,5.900000,5.900000,5.780000,5.780000,5.583689,181089
2015-11-25,5.780000,5.890000,5.780000,5.810000,5.612670,281507
2015-11-26,5.840000,5.840000,5.770000,5.790000,5.593349,86963
2015-11-29,5.800000,5.840000,5.700000,5.760000,5.564368,357540
2015-11-30,5.750000,5.880000,5.750000,5.860000,5.660971,890062
2015-12-01,5.850000,5.860000,5.800000,5.850000,5.651311,349313
2015-12-02,5.850000,5.890000,5.820000,5.840000,5.641651,521800
2015-12-03,5.800000,5.840000,5.680000,5.810000,5.612670,270760
2015-12-06,5.870000,5.900000,5.820000,5.850000,5.651311,150176
2015-12-07,5.820000,5.870000,5.780000,5.790000,5.593349,192368
2015-12-08,5.760000,5.780000,5.670000,5.670000,5.477425,143492
2015-12-09,5.670000,5.680000,5.520000,5.550000,5.361500,271870
2015-12-10,5.550000,5.650000,5.525000,5.570000,5.380821,232607
2015-12-13,5.490000,5.530000,5.360000,5.360000,5.177954,422599
2015-12-14,5.360000,5.560000,5.360000,5.530000,5.342180,344771
2015-12-15,5.550000,5.630000,5.510000,5.600000,5.409802,372490
2015-12-16,5.700000,5.700000,5.610000,5.700000,5.506406,458617
2015-12-17,5.760000,6.210000,5.760000,6.140000,5.931461,1043127
2015-12-20,6.100000,6.310000,6.050000,6.210000,5.999084,592135
2015-12-21,6.250000,6.300000,6.120000,6.240000,6.028065,798668
2015-12-22,6.250000,6.350000,6.250000,6.330000,6.115008,568382
2015-12-23,6.340000,6.450000,6.340000,6.410000,6.192292,295010
2015-12-27,6.410000,6.410000,6.410000,6.410000,6.192292,0
2015-12-28,6.430000,7.350000,6.430000,7.280000,7.032743,645586
2015-12-29,7.520000,8.130000,6.900000,7.170000,6.926479,1440490
2015-12-30,7.150000,7.490000,7.130000,7.400000,7.148667,420303
2016-01-03,7.400000,7.660000,7.400000,7.500000,7.245271,654483
2016-01-04,7.410000,7.440000,7.250000,7.250000,7.003762,423952
2016-01-05,7.400000,7.750000,7.310000,7.550000,7.293573,807155
2016-01-06,7.670000,8.010000,7.450000,7.930000,7.660666,995259
2016-01-07,7.850000,7.860000,7.300000,7.450000,7.196969,1155352
2016-01-10,7.370000,7.410000,7.210000,7.370000,7.119686,466228
2016-01-11,7.380000,7.460000,7.240000,7.260000,7.013422,555974
2016-01-12,7.300000,7.420000,7.120000,7.190000,6.945799,782824
2016-01-13,7.140000,7.140000,6.860000,6.880000,6.646328,806153
2016-01-14,7.000000,7.010000,6.830000,6.850000,6.617347,675258
2016-01-17,6.790000,6.790000,6.550000,6.650000,6.424140,858983
2016-01-18,6.650000,6.985000,6.630000,6.890000,6.655988,867155
2016-01-19,6.900000,6.960000,6.620000,6.630000,6.404819,653342
2016-01-20,6.780000,6.870000,6.720000,6.800000,6.569046,566191
2016-01-21,6.900000,7.150000,6.810000,7.050000,6.810555,529544
2016-01-24,7.200000,7.350000,7.120000,7.160000,6.916818,490341
2016-01-26,7.160000,7.350000,7.160000,7.240000,6.994101,1015264
2016-01-27,7.280000,7.280000,7.000000,7.030000,6.791234,837045
2016-01-28,7.060000,7.150000,7.000000,7.060000,6.820215,523055
2016-01-31,7.150000,7.190000,6.170000,6.320000,6.105348,2217317
2016-02-01,6.280000,6.650000,6.230000,6.500000,6.279234,1102034
2016-02-02,6.390000,6.550000,6.210000,6.220000,6.008744,777946
2016-02-03,6.290000,6.450000,6.280000,6.360000,6.143990,598977
2016-02-04,6.420000,6.580000,6.250000,6.570000,6.346857,833506
2016-02-07,6.490000,6.580000,6.310000,6.320000,6.105348,456456
2016-02-08,6.250000,6.350000,6.080000,6.080000,5.873499,708343
2016-02-09,6.100000,6.170000,5.685000,5.870000,5.670631,1055203
2016-02-10,5.880000,6.030000,5.870000,5.930000,5.728594,526519
2016-02-11,5.920000,5.920000,5.660000,5.680000,5.487084,518180
2016-02-14,5.770000,5.900000,5.690000,5.760000,5.564368,444208
2016-02-15,5.840000,5.910000,5.720000,5.860000,5.660971,789173
2016-02-16,6.020000,6.130000,5.710000,5.710000,5.516067,758663
2016-02-17,5.860000,5.960000,5.820000,5.880000,5.680292,570499
2016-02-18,5.860000,5.860000,5.640000,5.680000,5.487084,881992
2016-02-21,5.680000,5.820000,5.650000,5.650000,5.458104,447651
2016-02-22,5.700000,5.750000,5.530000,5.620000,5.429123,874314
2016-02-23,5.640000,5.825000,5.590000,5.740000,5.545047,802260
2016-02-24,5.810000,5.920000,5.680000,5.700000,5.506406,868032
2016-02-25,5.720000,5.770000,5.660000,5.730000,5.535387,546935
2016-02-28,5.720000,5.850000,5.680000,5.840000,5.641651,761534
2016-02-29,5.790000,5.800000,5.430000,5.600000,5.470028,860047
2016-03-01,5.660000,5.710000,5.470000,5.650000,5.518868,737307
2016-03-02,5.730000,6.280000,5.730000,6.220000,6.075639,1064178
2016-03-03,6.300000,6.360000,5.960000,6.210000,6.065871,806696
2016-03-06,6.230000,6.230000,6.030000,6.100000,5.958424,442084
2016-03-07,6.080000,6.120000,5.900000,5.980000,5.841209,620167
2016-03-08,5.980000,6.100000,5.870000,6.060000,5.919352,670489
2016-03-09,6.130000,6.130000,6.040000,6.100000,5.958424,347661
2016-03-10,6.150000,6.160000,6.030000,6.150000,6.007264,441545
2016-03-13,6.150000,6.150000,6.000000,6.000000,5.860745,187960
2016-03-14,6.070000,6.070000,5.900000,5.940000,5.802138,413976
2016-03-15,5.990000,6.040000,5.910000,6.040000,5.899817,384791
2016-03-16,6.050000,6.100000,5.950000,6.080000,5.938888,486407
2016-03-17,6.090000,6.100000,5.980000,5.990000,5.850977,328583
2016-03-20,6.000000,6.070000,5.980000,6.030000,5.890049,272636
2016-03-21,6.030000,6.050000,5.960000,6.000000,5.860745,327588
2016-03-22,6.010000,6.050000,5.940000,5.970000,5.831441,239549
2016-03-23,5.980000,6.035000,5.900000,5.990000,5.850977,247475
2016-03-28,5.990000,6.010000,5.820000,5.860000,5.723994,344029
2016-03-29,5.900000,5.900000,5.750000,5.800000,5.665387,255599
2016-03-30,5.850000,5.980000,5.820000,5.900000,5.763066,347993
2016-03-31,5.880000,5.940000,5.785000,5.900000,5.763066,290824
2016-04-04,5.910000,6.060000,5.870000,6.040000,5.899817,292770
2016-04-05,6.020000,6.040000,5.910000,5.980000,5.841209,273232
2016-04-06,5.990000,6.020000,5.880000,5.970000,5.831441,210814
2016-04-07,5.970000,6.030000,5.950000,6.000000,5.860745,135855
2016-04-08,5.960000,6.020000,5.900000,5.990000,5.850977,128996
2016-04-11,5.980000,5.990000,5.700000,5.720000,5.587244,247253
2016-04-12,5.710000,5.720000,5.440000,5.530000,5.401653,723942
2016-04-13,5.550000,5.750000,5.500000,5.630000,5.499332,500549
2016-04-14,5.710000,5.840000,5.630000,5.830000,5.694690,283171
2016-04-15,5.840000,5.980000,5.770000,5.950000,5.811905,377865
2016-04-18,5.960000,6.070000,5.960000,6.020000,5.880281,433118
2016-04-19,6.060000,6.070000,5.950000,6.030000,5.890049,267944
2016-04-20,6.050000,6.090000,5.990000,6.090000,5.948657,315136
2016-04-21,6.090000,6.185000,6.050000,6.140000,5.997496,390823
2016-04-22,6.100000,6.140000,5.900000,5.940000,5.802138,595359
2016-04-26,5.940000,6.000000,5.920000,5.980000,5.841209,372338
2016-04-27,5.910000,6.245000,5.900000,6.130000,5.987728,648538
2016-04-28,6.130000,6.210000,6.110000,6.160000,6.017031,353779
2016-04-29,6.160000,6.210000,6.090000,6.150000,6.007264,176833
2016-05-02,6.170000,6.220000,6.070000,6.220000,6.075639,251651
2016-05-03,6.200000,6.500000,6.200000,6.480000,6.329605,611286
2016-05-04,6.480000,6.500000,6.260000,6.280000,6.134247,481142
2016-05-05,6.400000,6.400000,6.195000,6.260000,6.114711,310467
2016-05-06,6.150000,6.180000,6.080000,6.150000,6.007264,320997
2016-05-09,6.150000,6.380000,6.130000,6.370000,6.222157,280359
2016-05-10,6.380000,6.435000,6.290000,6.310000,6.163550,232354
2016-05-11,6.390000,6.450000,6.310000,6.390000,6.241693,325610
2016-05-12,6.400000,6.410000,6.250000,6.360000,6.212390,282679
2016-05-13,6.400000,6.430000,6.270000,6.300000,6.153782,229857
2016-05-16,6.290000,6.410000,6.270000,6.350000,6.202622,290099
2016-05-17,6.400000,6.440000,6.320000,6.360000,6.212390,226852
2016-05-18,6.340000,6.350000,6.190000,6.230000,6.085407,474130
2016-05-19,6.280000,6.280000,6.035000,6.080000,5.938888,373301
2016-05-20,6.080000,6.170000,6.000000,6.130000,5.987728,257483
2016-05-23,6.150000,6.250000,6.100000,6.180000,6.036567,282470
2016-05-24,6.180000,6.310000,6.130000,6.200000,6.056103,242709
2016-05-25,6.260000,6.360000,6.245000,6.310000,6.163550,301308
2016-05-26,6.310000,6.330000,6.210000,6.240000,6.095174,245502
2016-05-27,6.300000,6.350000,6.250000,6.260000,6.114711,245987
2016-05-30,6.230000,6.300000,6.180000,6.200000,6.056103,447051
2016-05-31,6.200000,6.250000,6.140000,6.190000,6.046336,608060
2016-06-01,6.180000,6.180000,6.020000,6.070000,5.929121,519580
2016-06-02,6.090000,6.180000,6.000000,6.050000,5.909585,393828
2016-06-03,6.090000,6.150000,5.970000,6.000000,5.860745,479376
2016-06-06,5.970000,6.020000,5.970000,6.000000,5.860745,280446
2016-06-07,6.000000,6.010000,5.875000,5.890000,5.753298,239631
2016-06-08,5.890000,5.950000,5.760000,5.850000,5.714226,449159
2016-06-09,5.860000,5.950000,5.820000,5.930000,5.792369,322395
2016-06-10,5.910000,5.980000,5.850000,5.920000,5.782602,163806
2016-06-14,5.920000,5.920000,5.710000,5.740000,5.606779,340362
2016-06-15,5.760000,5.860000,5.740000,5.740000,5.606779,254853
2016-06-16,5.780000,5.840000,5.750000,5.750000,5.616547,857091
2016-06-17,5.770000,5.770000,5.660000,5.700000,5.567708,337842
2016-06-20,5.730000,5.760000,5.670000,5.710000,5.577476,238301
2016-06-21,5.650000,5.860000,5.650000,5.810000,5.675155,905449
2016-06-22,5.810000,5.835000,5.690000,5.700000,5.567708,310427
2016-06-23,5.710000,5.740000,5.670000,5.720000,5.587244,244453
2016-06-24,5.700000,5.740000,5.540000,5.600000,5.470028,690500
2016-06-27,5.570000,5.660000,5.530000,5.600000,5.470028,380707
2016-06-28,5.530000,5.640000,5.510000,5.630000,5.499332,412810
2016-06-29,5.700000,5.710000,5.580000,5.620000,5.489564,251254
2016-06-30,5.630000,5.730000,5.605000,5.660000,5.528636,372407
2016-07-01,5.670000,5.800000,5.610000,5.640000,5.509100,265011
2016-07-04,5.630000,5.680000,5.570000,5.660000,5.528636,255199
2016-07-05,5.670000,5.670000,5.560000,5.590000,5.460261,138971
2016-07-06,5.580000,5.580000,5.450000,5.460000,5.333278,404323
2016-07-07,5.520000,5.550000,5.500000,5.500000,5.372349,387812
2016-07-08,5.490000,5.600000,5.490000,5.500000,5.372349,266406
2016-07-11,5.500000,5.570000,5.500000,5.510000,5.382118,257874
2016-07-12,5.530000,5.540000,5.480000,5.520000,5.391885,423789
2016-07-13,5.520000,5.530000,5.410000,5.520000,5.391885,573922
2016-07-14,5.520000,5.680000,5.500000,5.660000,5.528636,386065
2016-07-15,5.670000,5.750000,5.620000,5.700000,5.567708,323932
2016-07-18,5.710000,5.760000,5.660000,5.700000,5.567708,336391
2016-07-19,5.690000,5.800000,5.650000,5.690000,5.557940,331725
2016-07-20,5.750000,5.780000,5.690000,5.750000,5.616547,485539
2016-07-21,5.740000,5.760000,5.700000,5.720000,5.587244,521909
2016-07-22,5.720000,5.720000,5.670000,5.690000,5.557940,230682
2016-07-25,5.710000,5.755000,5.670000,5.730000,5.597012,311750
2016-07-26,5.740000,5.760000,5.700000,5.720000,5.587244,262673
2016-07-27,5.700000,5.745000,5.690000,5.700000,5.567708,229439
2016-07-28,5.720000,5.830000,5.700000,5.800000,5.665387,219819
2016-07-29,6.030000,6.340000,6.030000,6.200000,6.056103,852776
2016-08-01,6.210000,6.220000,6.040000,6.090000,5.948657,419579
2016-08-02,6.080000,6.080000,5.930000,5.960000,5.821673,329509
2016-08-03,5.910000,5.920000,5.830000,5.880000,5.743530,259035
2016-08-04,5.900000,5.960000,5.870000,5.930000,5.792369,209815
2016-08-05,5.950000,6.040000,5.905000,6.010000,5.870513,343603
2016-08-08,6.040000,6.100000,6.020000,6.040000,5.899817,385517
2016-08-09,6.050000,6.060000,5.960000,5.990000,5.850977,409123
2016-08-10,5.990000,5.990000,5.860000,5.940000,5.802138,402141
2016-08-11,5.940000,5.980000,5.920000,5.960000,5.821673,378894
2016-08-12,6.080000,6.275000,6.060000,6.190000,6.046336,582579
2016-08-15,6.190000,6.200000,6.045000,6.140000,5.997496,285758
2016-08-16,6.140000,6.160000,6.050000,6.120000,5.977960,334261
2016-08-17,6.120000,6.260000,6.120000,6.230000,6.085407,496276
2016-08-18,6.270000,6.270000,6.120000,6.150000,6.007264,461260
2016-08-19,6.140000,6.380000,6.140000,6.360000,6.212390,339171
2016-08-22,6.370000,6.400000,6.190000,6.200000,6.056103,292452
2016-08-23,6.210000,6.340000,6.210000,6.260000,6.114711,190183
2016-08-24,6.270000,6.510000,6.270000,6.390000,6.241693,411166
2016-08-25,6.400000,6.830000,6.390000,6.760000,6.603106,599237
2016-08-26,6.770000,6.770000,6.560000,6.590000,6.437052,455973
2016-08-29,6.590000,6.590000,6.480000,6.550000,6.397980,412922
2016-08-30,6.540000,6.620000,6.440000,6.470000,6.389487,335915
2016-08-31,6.470000,6.480000,6.270000,6.350000,6.270980,407176
2016-09-01,6.340000,6.440000,6.320000,6.380000,6.300607,299548
2016-09-02,6.380000,6.380000,6.180000,6.360000,6.280856,463077
2016-09-05,6.360000,6.420000,6.290000,6.320000,6.241354,142828
2016-09-06,6.310000,6.330000,6.230000,6.320000,6.241354,340067
2016-09-07,6.300000,6.590000,6.270000,6.510000,6.428989,660070
2016-09-08,6.450000,6.490000,6.250000,6.400000,6.320358,379087
2016-09-09,6.270000,6.440000,6.130000,6.400000,6.320358,453366
2016-09-12,6.270000,6.270000,6.160000,6.240000,6.162349,368556
2016-09-13,6.290000,6.380000,6.250000,6.340000,6.261105,326936
2016-09-14,6.320000,6.410000,6.280000,6.370000,6.290731,338680
2016-09-15,6.380000,6.500000,6.280000,6.450000,6.369736,687193
2016-09-16,6.480000,6.570000,6.430000,6.530000,6.448740,496855
2016-09-19,6.550000,6.560000,6.420000,6.500000,6.419114,59776
2016-09-20,6.500000,6.520000,6.420000,6.500000,6.419114,250986
2016-09-21,6.450000,6.550000,6.440000,6.530000,6.448740,171493
2016-09-22,6.560000,6.560000,6.490000,6.540000,6.458616,87881
2016-09-23,6.560000,6.630000,6.530000,6.610000,6.527745,460626
2016-09-26,6.590000,6.620000,6.560000,6.570000,6.488243,161120
2016-09-27,6.560000,6.580000,6.445000,6.560000,6.478367,246668
2016-09-28,6.570000,6.600000,6.510000,6.550000,6.468492,169452
2016-09-29,6.600000,6.650000,6.530000,6.640000,6.557371,174986
2016-09-30,6.610000,6.690000,6.530000,6.640000,6.557371,275092
2016-10-02,6.680000,6.690000,6.620000,6.670000,6.586998,64294
2016-10-03,6.650000,6.650000,6.580000,6.600000,6.517869,167001
2016-10-04,6.570000,6.600000,6.510000,6.560000,6.478367,131860
2016-10-05,6.590000,6.650000,6.550000,6.610000,6.527745,174286
2016-10-06,6.570000,6.635000,6.520000,6.600000,6.517869,117924
2016-10-09,6.600000,6.600000,6.510000,6.560000,6.478367,102770
2016-10-10,6.570000,6.675000,6.470000,6.630000,6.547496,369989
2016-10-11,6.630000,6.630000,6.500000,6.600000,6.517869,189364
2016-10-12,6.580000,6.600000,6.510000,6.540000,6.458616,246239
2016-10-13,6.590000,6.590000,6.505000,6.560000,6.478367,120057
2016-10-16,6.560000,6.590000,6.380000,6.500000,6.419114,302795
2016-10-17,6.480000,6.530000,6.440000,6.480000,6.399363,141538
2016-10-18,6.500000,6.550000,6.475000,6.500000,6.419114,222595
2016-10-19,6.520000,6.520000,6.400000,6.510000,6.428989,105292
2016-10-20,6.480000,6.540000,6.400000,6.470000,6.389487,113979
2016-10-23,6.470000,6.500000,6.420000,6.490000,6.409238,183619
2016-10-24,6.480000,6.480000,5.200000,5.400000,5.332802,3328616
2016-10-25,5.300000,5.300000,5.040000,5.240000,5.174793,2180795
2016-10-26,5.230000,5.230000,5.020000,5.140000,5.076037,1061857
2016-10-27,5.150000,5.180000,4.945000,5.040000,4.977282,1333144
2016-10-30,4.980000,4.990000,4.840000,4.930000,4.868650,576131
2016-10-31,4.980000,4.980000,4.760000,4.780000,4.720518,292673
2016-11-01,4.790000,4.800000,4.410000,4.730000,4.671140,1836726
2016-11-02,4.750000,4.780000,4.620000,4.670000,4.611886,509437
2016-11-03,4.670000,4.670000,4.525000,4.650000,4.592135,451973
2016-11-06,4.660000,4.790000,4.660000,4.680000,4.621761,361954
2016-11-07,4.730000,4.730000,4.650000,4.690000,4.631637,1039314
2016-11-08,4.700000,4.740000,4.410000,4.560000,4.503255,636085
2016-11-09,4.720000,4.720000,4.590000,4.610000,4.552633,301119
2016-11-10,4.660000,4.660000,4.560000,4.610000,4.552633,487937
2016-11-13,4.610000,4.620000,4.460000,4.500000,4.444002,872781
2016-11-14,4.490000,4.510000,4.360000,4.410000,4.355122,930562
2016-11-15,4.420000,4.450000,4.260000,4.390000,4.335371,1150304
2016-11-16,4.370000,4.620000,4.280000,4.600000,4.542757,498820
2016-11-17,4.630000,4.780000,4.550000,4.750000,4.690891,699476
2016-11-20,4.840000,4.840000,4.620000,4.710000,4.651389,645528
2016-11-21,4.720000,4.900000,4.630000,4.830000,4.769895,534744
2016-11-22,4.830000,4.890000,4.760000,4.820000,4.760020,270525
2016-11-23,4.860000,4.955000,4.750000,4.770000,4.710642,275903
2016-11-24,4.760000,4.960000,4.760000,4.880000,4.819273,267441
2016-11-27,4.950000,5.090000,4.900000,5.030000,4.967406,594825
2016-11-28,5.010000,5.020000,4.870000,4.940000,4.878526,443183
2016-11-29,4.920000,4.960000,4.840000,4.950000,4.888402,746265
2016-11-30,4.950000,4.960000,4.820000,4.950000,4.888402,314223
2016-12-01,4.850000,4.960000,4.620000,4.640000,4.582259,625128
2016-12-04,4.660000,4.750000,4.585000,4.600000,4.542757,334895
2016-12-05,4.620000,4.680000,4.540000,4.640000,4.582259,330510
2016-12-06,4.640000,4.730000,4.580000,4.630000,4.572384,255284
2016-12-07,4.710000,4.710000,4.540000,4.620000,4.562508,284683
2016-12-08,4.600000,4.740000,4.560000,4.710000,4.651389,250454
2016-12-11,4.710000,4.740000,4.530000,4.540000,4.483504,314366
2016-12-12,4.550000,4.550000,4.470000,4.490000,4.434126,302483
2016-12-13,4.500000,4.560000,4.460000,4.560000,4.503255,340425
2016-12-14,4.600000,4.610000,4.430000,4.450000,4.394624,387635
2016-12-15,4.490000,4.510000,4.360000,4.370000,4.315619,540423
2016-12-18,4.370000,4.380000,4.100000,4.160000,4.108232,1142215
2016-12-19,4.140000,4.150000,3.860000,3.880000,3.831717,1352162
2016-12-20,3.880000,4.070000,3.820000,4.030000,3.979851,1116636
2016-12-21,4.100000,4.350000,4.100000,4.270000,4.216864,886637
2016-12-22,4.320000,4.370000,4.160000,4.230000,4.177361,272971
2016-12-27,4.230000,4.250000,4.090000,4.130000,4.078606,435768
2016-12-28,4.130000,4.230000,4.080000,4.230000,4.177361,240868
2016-12-29,4.220000,4.260000,4.200000,4.240000,4.187237,163849
2017-01-02,4.240000,4.350000,4.240000,4.310000,4.256366,231114
2017-01-03,4.350000,4.400000,4.300000,4.390000,4.335371,475723
2017-01-04,4.400000,4.460000,4.400000,4.410000,4.355122,309911
2017-01-05,4.450000,4.460000,4.380000,4.400000,4.345246,327072
2017-01-08,4.420000,4.440000,4.340000,4.400000,4.345246,318703
2017-01-09,4.380000,4.400000,4.280000,4.280000,4.226739,331590
2017-01-10,4.350000,4.370000,4.155000,4.270000,4.216864,785122
2017-01-11,4.260000,4.410000,4.250000,4.370000,4.315619,445846
2017-01-12,4.370000,4.370000,4.250000,4.300000,4.246490,278658
2017-01-15,4.300000,4.425000,4.300000,4.410000,4.355122,302610
2017-01-16,4.410000,4.460000,4.390000,4.440000,4.384748,384805
2017-01-17,4.410000,4.500000,4.370000,4.480000,4.424251,429277
2017-01-18,4.840000,5.360000,4.800000,5.160000,5.095788,2116360
2017-01-19,5.200000,5.260000,5.080000,5.200000,5.135291,3108604
2017-01-22,5.270000,5.400000,5.150000,5.300000,5.234046,3111782
2017-01-23,5.310000,5.385000,5.280000,5.350000,5.283424,431125
2017-01-24,5.330000,5.340000,5.270000,5.310000,5.243922,283341
2017-01-26,5.310000,5.360000,5.240000,5.300000,5.234046,422654
2017-01-29,5.270000,5.300000,5.155000,5.180000,5.115540,427950
2017-01-30,5.190000,5.200000,5.090000,5.130000,5.066162,335040
2017-01-31,5.090000,5.140000,5.030000,5.120000,5.056286,456733
2017-02-01,5.090000,5.120000,5.080000,5.100000,5.036535,284386
2017-02-02,5.090000,5.150000,5.080000,5.130000,5.066162,320889
2017-02-05,5.140000,5.170000,5.010000,5.110000,5.046411,377816
2017-02-06,5.110000,5.330000,5.100000,5.240000,5.174793,486044
2017-02-07,5.240000,5.390000,5.180000,5.350000,5.283424,1175967
2017-02-08,5.360000,5.460000,5.230000,5.430000,5.362429,320514
2017-02-09,5.450000,5.670000,5.420000,5.670000,5.599442,577107
2017-02-12,5.670000,5.680000,5.510000,5.580000,5.510562,272713
2017-02-13,5.600000,5.670000,5.500000,5.630000,5.559940,187196
2017-02-14,5.670000,5.750000,5.520000,5.570000,5.500687,434650
2017-02-15,5.600000,5.600000,5.400000,5.450000,5.382180,443648
2017-02-16,5.500000,5.550000,5.430000,5.450000,5.382180,376685
2017-02-19,5.590000,5.590000,5.370000,5.440000,5.372304,278013
2017-02-20,5.510000,5.540000,5.360000,5.400000,5.332802,320837
2017-02-21,5.450000,5.650000,5.450000,5.600000,5.530313,240617
2017-02-22,5.600000,5.650000,5.440000,5.600000,5.530313,311326
2017-02-23,5.580000,5.740000,5.560000,5.670000,5.599442,390575
2017-02-26,5.650000,5.820000,5.650000,5.740000,5.668571,443171
2017-02-27,5.890000,5.890000,5.600000,5.830000,5.830000,578676
2017-02-28,5.830000,6.030000,5.750000,6.030000,6.030000,506679
2017-03-01,6.040000,6.230000,5.940000,6.230000,6.230000,684138
2017-03-02,6.200000,6.200000,5.980000,6.010000,6.010000,570657
2017-03-05,6.060000,6.100000,5.900000,5.930000,5.930000,500353
2017-03-06,5.960000,6.030000,5.880000,5.940000,5.940000,458995
2017-03-07,5.980000,5.980000,5.850000,5.960000,5.960000,390939
2017-03-08,5.970000,6.000000,5.900000,5.950000,5.950000,279959
2017-03-09,5.990000,6.080000,5.970000,6.040000,6.040000,294615
2017-03-12,6.050000,6.090000,5.980000,6.030000,6.030000,325551
2017-03-13,6.030000,6.070000,6.000000,6.030000,6.030000,210612
2017-03-14,6.000000,6.340000,5.990000,6.300000,6.300000,929832
2017-03-15,6.350000,6.380000,6.110000,6.250000,6.250000,833607
2017-03-16,6.230000,6.290000,6.180000,6.280000,6.280000,220602
2017-03-19,6.280000,6.300000,6.180000,6.250000,6.250000,199878
2017-03-20,6.240000,6.400000,6.240000,6.370000,6.370000,406700
2017-03-21,6.300000,6.320000,6.210000,6.250000,6.250000,237412
2017-03-22,6.230000,6.390000,6.230000,6.390000,6.390000,255514
2017-03-23,6.380000,6.480000,6.280000,6.380000,6.380000,214635
2017-03-26,6.440000,6.440000,6.260000,6.290000,6.290000,266025
2017-03-27,6.340000,6.450000,6.260000,6.430000,6.430000,430665
2017-03-28,6.400000,6.430000,6.330000,6.390000,6.390000,391140
2017-03-29,6.380000,6.425000,6.340000,6.380000,6.380000,186329
2017-03-30,6.400000,6.420000,6.310000,6.330000,6.330000,178049
2017-04-03,6.300000,6.310000,6.230000,6.230000,6.230000,295359
2017-04-04,6.160000,6.190000,6.080000,6.110000,6.110000,392711
2017-04-05,6.110000,6.125000,5.990000,6.030000,6.030000,444970
2017-04-06,6.000000,6.030000,5.910000,5.970000,5.970000,391952
2017-04-07,5.970000,5.980000,5.860000,5.960000,5.960000,297280
2017-04-10,5.950000,6.045000,5.950000,6.000000,6.000000,188979
2017-04-11,5.960000,6.145000,5.960000,6.140000,6.140000,353951
2017-04-12,6.140000,6.200000,6.120000,6.180000,6.180000,304343
2017-04-13,6.190000,6.230000,6.120000,6.160000,6.160000,450289
2017-04-18,6.160000,6.220000,6.080000,6.100000,6.100000,259783
2017-04-19,6.060000,6.130000,6.050000,6.100000,6.100000,425568
2017-04-20,6.080000,6.120000,5.990000,6.060000,6.060000,267137
2017-04-21,6.090000,6.100000,6.000000,6.040000,6.040000,225851
2017-04-24,6.040000,6.090000,6.000000,6.015000,6.015000,176966
2017-04-26,6.015000,6.170000,5.960000,5.990000,5.990000,357974
2017-04-27,5.980000,6.010000,5.980000,5.980000,5.980000,2809478
2017-04-28,5.990000,6.065000,5.970000,6.000000,6.000000,454698
2017-05-01,6.000000,6.040000,5.990000,6.000000,6.000000,372591
2017-05-02,6.000000,6.020000,5.980000,6.000000,6.000000,292365
2017-05-03,6.000000,6.090000,5.965000,6.010000,6.010000,301352
2017-05-04,6.030000,6.040000,5.970000,5.980000,5.980000,256577
2017-05-05,5.960000,6.000000,5.950000,5.980000,5.980000,209353
2017-05-08,6.040000,6.090000,6.000000,6.070000,6.070000,268777
2017-05-09,6.050000,6.140000,6.030000,6.120000,6.120000,368917
2017-05-10,6.140000,6.290000,6.120000,6.240000,6.240000,509209
2017-05-11,6.280000,6.430000,6.280000,6.430000,6.430000,244497
2017-05-12,6.420000,6.430000,6.180000,6.190000,6.190000,248522
2017-05-15,6.190000,6.290000,6.130000,6.250000,6.250000,448411
2017-05-16,6.300000,6.400000,6.150000,6.390000,6.390000,479944
2017-05-17,6.250000,6.410000,6.190000,6.200000,6.200000,230982
2017-05-18,6.170000,6.220000,6.020000,6.150000,6.150000,386618
2017-05-19,6.100000,6.270000,6.090000,6.270000,6.270000,214555
2017-05-22,6.250000,6.280000,6.120000,6.140000,6.140000,234431
2017-05-23,6.150000,6.230000,6.150000,6.200000,6.200000,163127
2017-05-24,6.210000,6.350000,6.130000,6.350000,6.350000,285831
2017-05-25,6.340000,6.390000,6.290000,6.320000,6.320000,178333
2017-05-26,6.320000,6.360000,6.210000,6.210000,6.210000,218774
2017-05-29,6.240000,6.250000,5.970000,5.970000,5.970000,482852
2017-05-30,5.980000,6.080000,5.960000,6.010000,6.010000,176619
2017-05-31,6.010000,6.020000,5.890000,5.930000,5.930000,411540
2017-06-01,5.970000,6.030000,5.930000,5.990000,5.990000,199278
2017-06-02,6.040000,6.130000,6.000000,6.060000,6.060000,167196
2017-06-05,6.030000,6.055000,5.930000,5.960000,5.960000,261839
2017-06-06,5.950000,5.960000,5.760000,5.760000,5.760000,246295
2017-06-07,5.770000,5.830000,5.700000,5.750000,5.750000,218726
2017-06-08,5.710000,5.810000,5.630000,5.630000,5.630000,263585
2017-06-09,5.630000,5.710000,5.570000,5.670000,5.670000,194304
2017-06-13,5.670000,5.700000,5.580000,5.690000,5.690000,245612
2017-06-14,5.710000,5.820000,5.690000,5.820000,5.820000,398504
2017-06-15,5.770000,5.850000,5.750000,5.790000,5.790000,677726
2017-06-16,5.750000,5.860000,5.750000,5.850000,5.850000,619878
2017-06-19,5.850000,5.850000,5.700000,5.750000,5.750000,619903
2017-06-20,5.790000,5.870000,5.745000,5.860000,5.860000,544731
2017-06-21,5.770000,5.950000,5.770000,5.920000,5.920000,440018
2017-06-22,5.900000,6.010000,5.880000,5.950000,5.950000,874251
2017-06-23,5.950000,5.950000,5.950000,5.950000,5.950000,0
2017-06-26,5.710000,6.160000,5.710000,6.140000,6.140000,888352
2017-06-27,6.110000,6.190000,5.980000,6.150000,6.150000,1609665
2017-06-28,6.110000,6.270000,6.100000,6.270000,6.270000,727065
2017-06-29,6.300000,6.455000,6.285000,6.420000,6.420000,1020182
2017-06-30,6.250000,6.575000,6.250000,6.510000,6.510000,1002716
2017-07-03,6.590000,6.900000,6.550000,6.760000,6.760000,1296681
2017-07-04,6.760000,6.960000,6.760000,6.930000,6.930000,1346099
2017-07-05,6.920000,7.000000,6.910000,7.000000,7.000000,838564
2017-07-06,6.970000,7.060000,6.830000,6.850000,6.850000,681581
2017-07-07,6.770000,6.830000,6.690000,6.760000,6.760000,721362
2017-07-10,6.740000,6.890000,6.720000,6.800000,6.800000,510695
2017-07-11,6.800000,6.820000,6.730000,6.760000,6.760000,497905
2017-07-12,6.760000,6.790000,6.660000,6.680000,6.680000,463194
2017-07-13,6.720000,6.800000,6.670000,6.780000,6.780000,567726
2017-07-14,6.780000,6.910000,6.770000,6.870000,6.870000,594949
2017-07-17,6.850000,6.940000,6.820000,6.880000,6.880000,312659
2017-07-18,6.870000,6.870000,6.680000,6.700000,6.700000,243084
2017-07-19,6.720000,6.740000,6.590000,6.670000,6.670000,278412
2017-07-20,6.680000,6.860000,6.650000,6.830000,6.830000,379074
2017-07-21,6.830000,6.930000,6.680000,6.890000,6.890000,412283
2017-07-24,6.810000,6.830000,6.730000,6.810000,6.810000,326152
2017-07-25,6.800000,6.900000,6.795000,6.800000,6.800000,1367312
2017-07-26,6.820000,6.870000,6.780000,6.790000,6.790000,280456
2017-07-27,6.780000,6.940000,6.770000,6.910000,6.910000,408026
2017-07-28,6.800000,6.900000,6.760000,6.870000,6.870000,307152
2017-07-31,6.880000,6.910000,6.790000,6.870000,6.870000,301400
2017-08-01,6.940000,6.940000,6.770000,6.800000,6.800000,284560
2017-08-02,6.830000,6.840000,6.730000,6.740000,6.740000,494110
2017-08-03,6.710000,6.730000,6.480000,6.530000,6.530000,526039
2017-08-04,6.500000,6.570000,6.480000,6.510000,6.510000,326309
2017-08-07,6.540000,6.540000,6.460000,6.540000,6.540000,309597
2017-08-08,6.500000,6.520000,6.270000,6.470000,6.470000,734933
2017-08-09,6.400000,6.475000,6.400000,6.470000,6.470000,487411
2017-08-10,6.450000,6.520000,6.360000,6.460000,6.460000,411584
2017-08-11,6.430000,6.470000,6.360000,6.440000,6.440000,560799
2017-08-14,6.440000,6.460000,6.390000,6.410000,6.410000,161467
2017-08-15,6.440000,6.490000,6.420000,6.470000,6.470000,166780
2017-08-16,6.440000,6.480000,6.360000,6.480000,6.480000,428642
2017-08-17,6.480000,6.630000,6.440000,6.610000,6.610000,439868
2017-08-18,6.490000,6.590000,6.480000,6.540000,6.540000,267900
2017-08-21,6.490000,6.580000,6.400000,6.430000,6.430000,259965
2017-08-22,6.400000,6.490000,6.390000,6.490000,6.490000,269647
2017-08-23,6.610000,6.610000,6.400000,6.480000,6.480000,344502
2017-08-24,6.600000,6.880000,6.470000,6.880000,6.880000,700362
2017-08-25,6.880000,6.930000,6.790000,6.920000,6.920000,479679
2017-08-28,6.930000,6.990000,6.880000,6.880000,6.880000,412187
