2014-12-04,4.710560,4.720020,4.455170,4.483550,3.974443,17930821
2014-12-07,4.351120,4.653810,4.303830,4.653810,4.125371,2874629
2014-12-08,4.653810,4.691640,4.502460,4.521380,4.007978,1847269
2014-12-09,4.511920,4.511920,4.303830,4.398420,3.898980,1775779
2014-12-10,4.426790,4.445710,4.313280,4.398420,3.898980,1598455
2014-12-11,4.407870,4.417330,4.332200,4.360580,3.865437,295138
2014-12-14,4.332200,4.407870,4.303830,4.370040,3.873822,467848
2014-12-15,4.351120,4.370040,4.303830,4.303830,3.815131,477473
2014-12-16,4.322740,4.322740,4.171400,4.209240,3.731281,1115445
2014-12-17,4.190320,4.426790,4.190320,4.426790,3.924128,1031681
2014-12-18,4.417330,4.549760,4.388960,4.549760,4.033135,574533
2014-12-21,4.540300,4.549760,4.445710,4.540300,4.024749,445908
2014-12-22,4.530840,4.540300,4.521380,4.521380,4.007978,282725
2014-12-23,4.540300,4.549760,4.493000,4.511920,3.999592,258868
2014-12-28,4.511920,4.540300,4.511920,4.540300,4.024749,63588
2014-12-29,4.530840,4.530840,4.502460,4.502460,3.991206,58405
2014-12-30,4.511920,4.530840,4.474090,4.483550,3.974443,305186
2015-01-01,4.483550,4.530840,4.445710,4.474090,3.966058,35608
2015-01-04,4.464630,4.474090,4.398420,4.464630,3.957672,134270
2015-01-05,4.464630,4.483550,4.407870,4.483550,3.974443,121761
2015-01-06,4.483550,4.530840,4.407870,4.530840,4.016364,96275
2015-01-07,4.445710,4.644350,4.445710,4.644350,4.116984,206619
2015-01-08,4.578140,4.644350,4.578140,4.644350,4.116984,147294
2015-01-11,4.615970,4.625430,4.587590,4.625430,4.100213,361386
2015-01-12,4.634890,4.644350,4.578140,4.625430,4.100213,208542
2015-01-13,4.634890,4.634890,4.606510,4.606510,4.083442,399569
2015-01-14,4.606510,4.625430,4.559220,4.587590,4.066670,578494
2015-01-15,4.578140,4.587590,4.540300,4.559220,4.041521,503387
2015-01-18,4.615970,4.634890,4.511920,4.540300,4.024749,591026
2015-01-19,4.540300,4.540300,4.436250,4.455170,3.949286,1154044
2015-01-20,4.474090,4.521380,4.398420,4.445710,3.940900,1154454
2015-01-21,4.493000,4.493000,4.209240,4.256530,3.773201,1428592
2015-01-22,4.256530,4.303830,4.020060,4.256530,3.773201,834177
2015-01-26,4.256530,4.351120,4.199780,4.237610,3.756430,462696
2015-01-27,4.568680,4.625430,4.493000,4.587590,4.066670,2959949
2015-01-28,4.587590,4.871360,4.540300,4.814610,4.267911,1387503
2015-01-29,4.814610,4.814610,4.710560,4.729480,4.192448,735658
2015-02-01,4.720020,4.729480,4.634890,4.634890,4.108599,328498
2015-02-02,4.720020,4.776770,4.634890,4.691640,4.158905,409155
2015-02-03,4.710560,4.776770,4.691640,4.738940,4.200833,1587431
2015-02-04,4.767310,4.842990,4.748400,4.814610,4.267911,1208669
2015-02-05,4.824070,4.842990,4.757860,4.805150,4.259526,1152017
2015-02-08,4.805150,4.852440,4.757860,4.805150,4.259526,445521
2015-02-09,4.795690,4.814610,4.729480,4.767310,4.225983,415636
2015-02-10,4.786230,4.814610,4.729480,4.776770,4.234368,398187
2015-02-11,4.776770,4.795690,4.710560,4.748400,4.209220,250751
2015-02-12,4.748400,4.824070,4.682180,4.729480,4.192448,854741
2015-02-15,4.729480,4.786230,4.691640,4.786230,4.242754,989241
2015-02-16,4.776770,4.805150,4.729480,4.767310,4.225983,372613
2015-02-17,4.776770,4.928120,4.738940,4.871360,4.318217,2178241
2015-02-18,4.965950,5.155130,4.956490,5.136210,4.552994,2378352
2015-02-19,5.107840,5.315930,5.107840,5.287560,4.687158,2932630
2015-02-22,5.268640,5.410520,5.174050,5.382150,4.771008,1357934
2015-02-23,5.372690,5.524030,5.334850,5.486200,4.863242,3573723
2015-02-24,5.486200,5.590240,5.467280,5.561870,4.930320,2222982
2015-02-25,5.533490,5.571330,5.467280,5.561870,4.930320,2491995
2015-02-26,5.542950,5.552410,5.419980,5.533490,4.905163,1840107
2015-03-01,5.533490,5.561870,5.391610,5.438900,4.821313,648693
2015-03-02,5.438900,5.438900,5.297020,5.391610,4.779393,756075
2015-03-03,5.382150,5.419980,5.363230,5.401060,4.787771,508348
2015-03-04,5.391610,5.410520,5.344310,5.410520,4.796156,428357
2015-03-05,5.438900,5.514570,5.419980,5.514570,4.888391,907712
2015-03-08,5.533490,5.533490,5.448360,5.524030,4.896777,415568
2015-03-09,5.533490,5.722670,5.524030,5.675370,5.030932,1753334
2015-03-10,5.647000,5.675370,5.467280,5.656460,5.014169,505499
2015-03-11,5.656460,5.722670,5.618620,5.684830,5.039319,758098
2015-03-12,5.675370,5.807800,5.675370,5.694290,5.047704,456127
2015-03-15,5.741590,5.911850,5.628080,5.845640,5.181869,796906
2015-03-16,5.836180,5.864550,5.722670,5.798340,5.139939,422747
2015-03-17,5.807800,5.826720,5.703750,5.751050,5.098019,512356
2015-03-18,5.694290,5.845640,5.694290,5.769960,5.114781,588803
2015-03-19,5.769960,5.836180,5.703750,5.703750,5.056090,5915858
2015-03-22,5.703750,5.751050,5.656460,5.684830,5.039319,550170
2015-03-23,5.675370,5.769960,5.675370,5.741590,5.089633,338073
2015-03-24,5.769960,5.864550,5.684830,5.807800,5.148324,857747
2015-03-25,5.703750,5.769960,5.703750,5.741590,5.089633,619375
2015-03-26,5.713210,5.855090,5.713210,5.751050,5.098019,386915
2015-03-29,5.722670,5.807800,5.713210,5.713210,5.064476,258319
2015-03-30,5.769960,5.817260,5.741590,5.798340,5.139939,627049
2015-03-31,5.798340,5.845640,5.760500,5.798340,5.139939,480780
2015-04-01,5.788880,5.845640,5.751050,5.817260,5.156711,691837
2015-04-07,5.817260,5.845640,5.751050,5.779420,5.123168,440994
2015-04-08,5.760500,5.807800,5.703750,5.722670,5.072861,563925
2015-04-09,5.722670,5.760500,5.675370,5.675370,5.030932,636468
2015-04-10,5.703750,5.722670,5.571330,5.590240,4.955469,902263
2015-04-13,5.580780,5.609160,5.107840,5.552410,4.921935,980977
2015-04-14,5.552410,5.732130,5.552410,5.571330,4.938706,570439
2015-04-15,5.571330,5.618620,5.514570,5.561870,4.930320,437468
2015-04-16,5.656460,5.703750,5.628080,5.665920,5.022555,330431
2015-04-17,5.665920,5.665920,5.514570,5.524030,4.896777,425054
2015-04-20,5.505110,5.561870,5.476740,5.486200,4.863242,343719
2015-04-21,5.495650,5.561870,5.448360,5.533490,4.905163,470006
2015-04-22,5.542950,5.675370,5.533490,5.656460,5.014169,447457
2015-04-23,5.665920,5.665920,5.580780,5.647000,5.005784,325860
2015-04-24,5.675370,5.722670,5.486200,5.722670,5.072861,684380
2015-04-27,5.722670,5.836180,5.694290,5.817260,5.156711,884643
2015-04-28,5.817260,5.817260,5.675370,5.732130,5.081247,651768
2015-04-29,5.732130,5.760500,5.647000,5.732130,5.081247,855206
2015-04-30,5.694290,5.722670,5.618620,5.684830,5.039319,943231
2015-05-01,5.580780,5.675370,5.495650,5.675370,5.030932,508822
2015-05-04,5.542950,5.713210,5.542950,5.703750,5.056090,458915
2015-05-05,5.788880,6.129400,5.788880,6.015900,5.332795,1868207
2015-05-06,6.034810,6.384800,6.006440,6.072650,5.383101,1796653
2015-05-07,5.978060,6.195620,5.978060,6.063190,5.374716,1629758
2015-05-08,5.959140,6.053730,5.921310,5.949680,5.274095,858087
2015-05-11,6.044270,6.072650,5.883470,5.949680,5.274095,470795
2015-05-12,5.949680,6.214530,5.921310,6.186160,5.483722,1305702
2015-05-13,6.223990,6.242910,6.082110,6.195620,5.492108,832899
2015-05-14,6.148320,6.167240,6.082110,6.167240,5.466951,678132
2015-05-15,6.148320,6.205080,6.091570,6.157780,5.458565,1173308
2015-05-18,6.176700,6.186160,6.115220,6.148320,5.450179,376557
2015-05-19,6.176700,6.195620,6.119950,6.119950,5.425030,341020
2015-05-20,6.138860,6.190890,6.063190,6.101030,5.408259,641586
2015-05-21,6.119950,6.119950,6.063190,6.091570,5.399873,1097513
2015-05-22,6.101030,6.129400,6.025360,6.034810,5.349558,438766
2015-05-25,6.044270,6.176700,6.034810,6.119950,5.425030,293412
2015-05-26,6.129400,6.223990,6.119950,6.176700,5.475337,601158
2015-05-27,6.129400,6.167240,6.101030,6.101030,5.408259,896126
2015-05-28,6.119950,6.176700,6.063190,6.101030,5.408259,546449
2015-05-29,6.101030,6.233450,6.063190,6.063190,5.374716,4425368
2015-06-01,6.072650,6.242910,6.072650,6.101030,5.408259,785755
2015-06-02,6.176700,6.195620,6.034810,6.044270,5.357944,569414
2015-06-03,6.006440,6.025360,5.788880,5.817260,5.156711,1237639
2015-06-04,5.911850,5.949680,5.656460,5.675370,5.030932,1272882
2015-06-05,5.684830,5.826720,5.675370,5.779420,5.123168,611773
2015-06-09,5.779420,5.845640,5.751050,5.769960,5.114781,353931
2015-06-10,5.751050,5.798340,5.675370,5.703750,5.056090,502926
2015-06-11,5.751050,5.864550,5.722670,5.807800,5.148324,548346
2015-06-12,5.807800,5.864550,5.798340,5.826720,5.165097,354441
2015-06-15,5.864550,5.864550,5.741590,5.855090,5.190245,462778
2015-06-16,5.845640,5.978060,5.836180,5.940230,5.265718,1020111
2015-06-17,5.978060,6.006440,5.836180,5.855090,5.190245,702402
2015-06-18,5.741590,5.845640,5.675370,5.845640,5.181869,921095
2015-06-19,5.864550,6.006440,5.807800,5.826720,5.165097,1939212
2015-06-22,5.864550,5.864550,5.741590,5.769960,5.114781,227677
2015-06-23,5.826720,5.874010,5.769960,5.769960,5.114781,553823
2015-06-24,5.807800,5.826720,5.741590,5.760500,5.106396,364123
2015-06-25,5.807800,5.897660,5.769960,5.836180,5.173483,492295
2015-06-26,5.788880,5.826720,5.694290,5.694290,5.047704,696843
2015-06-29,5.675370,5.675370,5.533490,5.561870,4.930320,566097
2015-06-30,5.552410,5.741590,5.533490,5.675370,5.030932,1008368
2015-07-01,5.703750,5.798340,5.694290,5.732130,5.081247,565998
2015-07-02,5.769960,5.817260,5.713210,5.722670,5.072861,402618
2015-07-03,5.741590,5.760500,5.618620,5.656460,5.014169,278032
2015-07-06,5.628080,5.713210,5.599700,5.684830,5.039319,310439
2015-07-07,5.741590,5.845640,5.675370,5.703750,5.056090,686047
2015-07-08,5.665920,5.722670,5.618620,5.618620,4.980626,353447
2015-07-09,5.590240,5.628080,5.486200,5.618620,4.980626,384112
2015-07-10,5.684830,5.703750,5.637540,5.694290,5.047704,366853
2015-07-13,5.694290,5.717940,5.656460,5.656460,5.014169,202329
2015-07-14,5.722670,5.722670,5.647000,5.665920,5.022555,272967
2015-07-15,5.675370,5.722670,5.675370,5.703750,5.056090,646972
2015-07-16,5.722670,5.722670,5.656460,5.675370,5.030932,526208
2015-07-17,5.684830,5.713210,5.637540,5.684830,5.039319,320098
2015-07-20,5.703750,5.703750,5.590240,5.599700,4.963855,390851
2015-07-21,5.647000,5.713210,5.609160,5.694290,5.047704,1482754
2015-07-22,5.713210,5.713210,5.637540,5.637540,4.997398,684509
2015-07-23,5.647000,5.713210,5.637540,5.647000,5.005784,290989
2015-07-24,5.647000,5.675370,5.561870,5.561870,4.930320,922516
2015-07-27,5.533490,5.533490,5.419980,5.448360,4.829700,473792
2015-07-28,5.419980,5.495650,5.401060,5.457820,4.838085,646739
2015-07-29,5.580780,5.609160,5.495650,5.495650,4.871620,676916
2015-07-30,5.675370,5.798340,5.665920,5.703750,5.056090,864865
2015-07-31,5.741590,5.911850,5.732130,5.874010,5.207017,1220275
2015-08-03,5.911850,6.091570,5.911850,6.025360,5.341181,777832
2015-08-04,6.025360,6.101030,6.006440,6.082110,5.391487,795700
2015-08-05,6.053730,6.119950,6.015900,6.091570,5.399873,374456
2015-08-06,6.091570,6.223990,6.091570,6.138860,5.441793,915254
2015-08-07,6.101030,6.138860,5.978060,6.006440,5.324409,445217
2015-08-10,6.015900,6.129400,6.015900,6.063190,5.374716,754420
2015-08-11,6.091570,6.233450,6.091570,6.195620,5.492108,1025664
2015-08-12,6.384800,6.488840,6.157780,6.214530,5.508871,1611494
2015-08-13,6.205080,6.356420,6.186160,6.356420,5.634649,1326712
2015-08-14,6.356420,6.469930,6.356420,6.375340,5.651421,1354134
2015-08-17,6.432090,6.512490,6.413170,6.460470,5.726884,919041
2015-08-18,6.488840,6.564520,6.460470,6.526680,5.785576,1655843
2015-08-19,6.545600,6.602350,6.460470,6.498300,5.760418,1263946
2015-08-20,6.498300,6.555060,6.432090,6.479390,5.743656,1356758
2015-08-21,6.413170,6.488840,6.384800,6.469930,5.735270,773701
2015-08-24,6.290210,6.417900,6.242910,6.280750,5.567571,983394
2015-08-25,6.242910,6.536140,6.242910,6.451010,5.718499,1933029
2015-08-26,6.318580,6.479390,6.318580,6.422630,5.693341,995151
2015-08-27,6.451010,6.555060,6.451010,6.488840,5.752033,841172
2015-08-28,6.545600,6.573980,6.356420,6.394260,5.668192,837975
2015-08-31,6.432090,6.488840,6.346960,6.394260,5.668192,1071122
2015-09-01,6.403710,6.432090,6.299670,6.337500,5.617878,803752
2015-09-02,6.290210,6.337500,6.261830,6.309120,5.592721,1041191
2015-09-03,6.346960,6.384800,6.252370,6.309120,5.592721,1360272
2015-09-04,6.309120,6.384800,6.233450,6.365880,5.643035,607740
2015-09-07,6.384800,6.398980,6.280750,6.328040,5.609492,416630
2015-09-08,6.384800,6.441550,6.356420,6.375340,5.651421,1044684
2015-09-09,6.432090,6.526680,6.403710,6.526680,5.785576,965525
2015-09-10,6.394260,6.573980,6.299670,6.545600,5.802348,1125352
2015-09-11,6.573980,6.573980,6.432090,6.469930,5.735270,719327
2015-09-14,6.488840,6.564520,6.441550,6.545600,5.802348,725165
2015-09-15,6.555060,6.564520,6.356420,6.384800,5.659807,643367
2015-09-16,6.451010,6.498300,6.299670,6.375340,5.651421,1199664
2015-09-17,6.451010,6.460470,6.299670,6.337500,5.617878,539822
2015-09-18,6.328040,6.384800,6.299670,6.375340,5.651421,1186576
2015-09-21,6.290210,6.356420,6.290210,6.346960,5.626264,863672
2015-09-22,6.422630,6.517220,6.403710,6.498300,5.760418,467587
2015-09-23,6.479390,6.536140,6.384800,6.536140,5.793962,596919
2015-09-24,6.545600,6.649650,6.460470,6.555060,5.810733,699280
2015-09-25,6.583430,6.621270,6.469930,6.479390,5.743656,678732
2015-09-28,6.337500,6.413170,6.299670,6.365880,5.817473,681634
2015-09-29,6.318580,6.441550,6.290210,6.403710,5.852045,792525
2015-09-30,6.403710,6.479390,6.375340,6.422630,5.869334,729626
2015-10-01,6.422630,6.555060,6.422630,6.545600,5.981711,702175
2015-10-02,6.517220,6.526680,6.422630,6.460470,5.903914,404995
2015-10-04,6.507760,6.725320,6.479390,6.715860,6.137303,342772
2015-10-05,6.734780,6.772610,6.573980,6.592890,6.024927,541946
2015-10-06,6.602350,6.621270,6.507760,6.592890,6.024927,652705
2015-10-07,6.640190,6.725320,6.555060,6.564520,5.999001,511914
2015-10-08,6.649650,6.668560,6.460470,6.479390,5.921205,752621
2015-10-11,6.507760,6.545600,6.422630,6.422630,5.869334,359424
2015-10-12,6.488840,6.526680,6.394260,6.422630,5.869334,512391
2015-10-13,6.403710,6.451010,6.375340,6.413170,5.860690,1283045
2015-10-14,6.507760,6.507760,6.413170,6.441550,5.886624,563381
2015-10-15,6.479390,6.545600,6.337500,6.394260,5.843408,729648
2015-10-18,6.432090,6.507760,6.422630,6.432090,5.877979,409288
2015-10-19,6.441550,6.507760,6.403710,6.469930,5.912560,358432
2015-10-20,6.460470,6.474660,6.365880,6.441550,5.886624,330194
2015-10-21,6.422630,6.498300,6.384800,6.498300,5.938486,381012
2015-10-22,6.611810,6.611810,6.498300,6.545600,5.981711,618764
2015-10-25,6.611810,6.616540,6.488840,6.526680,5.964421,668744
2015-10-26,6.573980,6.621270,6.422630,6.451010,5.895270,710041
2015-10-27,6.611810,6.630730,6.375340,6.413170,5.860690,1196917
2015-10-28,6.517220,6.886120,6.469930,6.810450,6.223745,1678665
2015-10-29,6.800990,7.046920,6.706400,7.037460,6.431198,1331439
2015-11-01,7.217180,7.255020,7.075300,7.255020,6.630016,1425105
2015-11-02,7.349610,7.349610,6.999630,7.150970,6.534930,822367
2015-11-03,7.188810,7.321230,7.150970,7.226640,6.604081,788525
2015-11-04,7.188810,7.226640,7.113140,7.188810,6.569510,470790
2015-11-05,7.207730,7.292860,7.160430,7.255020,6.630016,576888
2015-11-08,7.264480,7.273940,7.198270,7.226640,6.604081,381965
2015-11-09,7.188810,7.236100,7.141510,7.226640,6.604081,381745
2015-11-10,7.330690,7.387450,7.245560,7.387450,6.751038,736312
2015-11-11,7.340150,7.368530,7.169890,7.188810,6.569510,733953
2015-11-12,7.084760,7.103680,6.971250,7.094220,6.483069,933165
2015-11-15,7.065840,7.094220,6.980710,7.065840,6.457133,440181
2015-11-16,7.103680,7.311770,7.046920,7.311770,6.681877,495271
2015-11-17,7.283400,7.330690,7.198270,7.302310,6.673232,323040
2015-11-18,7.283400,7.330690,7.236100,7.283400,6.655951,451603
2015-11-19,7.349610,7.368530,7.264480,7.330690,6.699167,376682
2015-11-22,7.330690,7.415820,7.292860,7.359070,6.725102,585623
2015-11-23,7.359070,7.377990,7.283400,7.321230,6.690522,497971
2015-11-24,7.330690,7.359070,7.283400,7.283400,6.655951,381934
2015-11-25,7.283400,7.406360,7.283400,7.311770,6.681877,545071
2015-11-26,7.377990,7.377990,7.264480,7.302310,6.673232,388428
2015-11-29,7.302310,7.311770,7.236100,7.236100,6.612726,518605
2015-11-30,7.302310,7.377990,7.283400,7.377990,6.742392,328493
2015-12-01,7.377990,7.377990,7.236100,7.245560,6.621371,857143
2015-12-02,7.359070,7.359070,7.245560,7.245560,6.621371,732497
2015-12-03,7.150970,7.179350,6.715860,6.782070,6.197810,2771031
2015-12-06,7.094220,7.169890,6.573980,6.630730,6.059507,2542947
2015-12-07,6.583430,6.791530,6.469930,6.659110,6.085443,1792484
2015-12-08,6.763150,6.848280,6.649650,6.706400,6.128658,1861922
2015-12-09,6.696940,6.715860,6.583430,6.621270,6.050862,1160116
2015-12-10,6.640190,6.734780,6.607080,6.621270,6.050862,1304906
2015-12-13,6.602350,6.640190,6.460470,6.479390,5.921205,680508
2015-12-14,6.488840,6.611810,6.280750,6.299670,5.756968,1913199
2015-12-15,6.290210,6.668560,6.261830,6.573980,6.007646,1406222
2015-12-16,6.725320,6.744240,6.611810,6.725320,6.145948,1440836
2015-12-17,6.668560,6.838830,6.630730,6.819910,6.232389,1119864
2015-12-20,6.800990,6.848280,6.611810,6.668560,6.094078,926517
2015-12-21,6.753700,6.810450,6.715860,6.763150,6.180520,423041
2015-12-22,6.905040,6.905040,6.763150,6.838830,6.249680,658900
2015-12-23,6.905040,6.905040,6.753700,6.791530,6.206455,216441
2015-12-27,6.791530,6.791530,6.791530,6.791530,6.206455,0
2015-12-28,6.725320,6.895580,6.725320,6.895580,6.301541,268039
2015-12-29,6.895580,6.942870,6.819910,6.923960,6.327476,625127
2015-12-30,6.923960,6.952330,6.867200,6.886120,6.292896,236531
2016-01-03,6.886120,6.980710,6.848280,6.961790,6.362047,516669
2016-01-04,6.952330,6.971250,6.876660,6.905040,6.310185,694691
2016-01-05,6.905040,6.971250,6.829370,6.952330,6.353402,518470
2016-01-06,6.971250,6.990170,6.834100,6.876660,6.284251,612777
2016-01-07,6.810450,6.867200,6.810450,6.848280,6.258316,292060
2016-01-10,6.810450,6.857740,6.687480,6.715860,6.137303,586361
2016-01-11,6.744240,6.838830,6.734780,6.763150,6.180520,440078
2016-01-12,6.782070,6.857740,6.668560,6.696940,6.120013,898781
2016-01-13,6.640190,6.640190,6.441550,6.545600,5.981711,1135725
2016-01-14,6.536140,6.630730,6.309120,6.337500,5.791538,1216587
2016-01-17,6.252370,6.479390,6.167240,6.451010,5.895270,761179
2016-01-18,6.451010,6.573980,6.441550,6.564520,5.999001,393214
2016-01-19,6.611810,6.649650,6.507760,6.573980,6.007646,762928
2016-01-20,6.621270,6.621270,6.469930,6.488840,5.929841,514320
2016-01-21,6.526680,6.531410,6.403710,6.451010,5.895270,504080
2016-01-24,6.545600,6.555060,6.384800,6.413170,5.860690,534856
2016-01-26,6.413170,6.503030,6.356420,6.413170,5.860690,406478
2016-01-27,6.365880,6.479390,6.337500,6.413170,5.860690,516754
2016-01-28,6.432090,6.488840,6.384800,6.432090,5.877979,641253
2016-01-31,6.517220,6.725320,6.517220,6.696940,6.120013,798783
2016-02-01,6.678020,6.678020,6.451010,6.498300,5.938486,9173240
2016-02-02,6.356420,6.356420,6.261830,6.261830,5.722387,1547499
2016-02-03,6.460470,6.460470,6.276020,6.309120,5.765603,986391
2016-02-04,6.318580,6.337500,6.242910,6.261830,5.722387,770733
2016-02-07,6.271290,6.309120,6.223990,6.252370,5.713742,453771
2016-02-08,6.157780,6.223990,5.883470,5.921310,5.411202,1244385
2016-02-09,5.949680,5.987520,5.741590,5.788880,5.290181,736786
2016-02-10,5.836180,5.940230,5.826720,5.892930,5.385267,1553517
2016-02-11,5.864550,5.883470,5.694290,5.769960,5.272891,932648
2016-02-14,5.902390,6.101030,5.836180,6.072650,5.549504,999289
2016-02-15,6.119950,6.148320,5.930770,6.129400,5.601366,922816
2016-02-16,6.148320,6.205080,5.996980,6.025360,5.506289,604763
2016-02-17,5.675370,5.699020,5.249720,5.363230,4.901200,5359535
2016-02-18,5.599700,5.949680,5.495650,5.826720,5.324761,3797951
2016-02-21,5.949680,5.978060,5.807800,5.959140,5.445773,1464096
2016-02-22,5.968600,5.968600,5.694290,5.732130,5.238320,1402065
2016-02-23,5.741590,5.817260,5.703750,5.713210,5.221030,716280
2016-02-24,5.798340,5.817260,5.637540,5.656460,5.169168,601774
2016-02-25,5.637540,5.647000,5.571330,5.580780,5.100008,779330
2016-02-28,5.571330,5.609160,5.462550,5.495650,5.022212,1123477
2016-02-29,5.467280,5.590240,5.419980,5.438900,4.970351,1165733
2016-03-01,5.552410,5.656460,5.486200,5.505110,5.030857,1200120
2016-03-02,5.514570,5.580780,5.438900,5.457820,4.987641,930298
2016-03-03,5.486200,5.486200,5.391610,5.410520,4.944416,1453802
2016-03-06,5.448360,5.467280,5.268640,5.278100,4.823403,1168964
2016-03-07,5.306470,5.410520,5.230800,5.287560,4.832048,1646935
2016-03-08,5.297020,5.552410,5.268640,5.467280,4.996285,893016
2016-03-09,5.495650,5.514570,5.410520,5.429440,4.961706,697219
2016-03-10,5.438900,5.571330,5.438900,5.505110,5.030857,672153
2016-03-13,5.580780,5.732130,5.542950,5.561870,5.082727,922291
2016-03-14,5.552410,5.561870,5.391610,5.438900,4.970351,727134
2016-03-15,5.438900,5.561870,5.401060,5.561870,5.082727,963615
2016-03-16,5.694290,5.751050,5.580780,5.618620,5.134588,1583288
2016-03-17,5.703750,5.713210,5.552410,5.590240,5.108653,935929
2016-03-20,5.599700,5.684830,5.580780,5.675370,5.186450,762840
2016-03-21,5.599700,5.684830,5.382150,5.457820,5.153689,1564465
2016-03-22,5.533490,5.590240,5.438900,5.438900,5.135824,489025
2016-03-23,5.438900,5.486200,5.382150,5.391610,5.091169,1191728
2016-03-28,5.391610,5.476740,5.344310,5.353770,5.055438,696721
2016-03-29,5.401060,5.429440,5.325390,5.344310,5.046504,981550
2016-03-30,5.419980,5.448360,5.363230,5.438900,5.135824,745545
2016-03-31,5.391610,5.438900,5.306470,5.372690,5.073304,518627
2016-04-04,5.391610,5.476740,5.391610,5.467280,5.162622,427383
2016-04-05,5.363230,5.363230,5.003790,5.088920,4.805346,2368541
2016-04-06,5.155130,5.155130,4.965950,5.079460,4.796413,2363810
2016-04-07,5.155130,5.382150,5.126750,5.325390,5.028639,900457
2016-04-08,5.297020,5.306470,5.174050,5.202430,4.912531,689218
2016-04-11,5.230800,5.259180,5.164590,5.192970,4.903598,481896
2016-04-12,5.155130,5.202430,5.117300,5.155130,4.867867,771503
2016-04-13,5.202430,5.334850,5.164590,5.240260,4.948253,1133660
2016-04-14,5.249720,5.382150,5.221340,5.372690,5.073304,985761
2016-04-15,5.391610,5.448360,5.353770,5.382150,5.082236,700737
2016-04-18,5.382150,5.486200,5.372690,5.448360,5.144757,527607
2016-04-19,5.505110,5.571330,5.353770,5.363230,5.064371,1357146
2016-04-20,5.429440,5.618620,5.391610,5.533490,5.225143,1688778
2016-04-21,5.628080,5.732130,5.590240,5.675370,5.359117,1382521
2016-04-22,5.656460,5.665920,5.495650,5.514570,5.207277,915029
2016-04-26,5.514570,5.580780,5.448360,5.524030,5.216210,805714
2016-04-27,5.524030,5.628080,5.419980,5.429440,5.126891,609955
2016-04-28,5.448360,5.514570,5.419980,5.495650,5.189411,614775
2016-04-29,5.580780,5.580780,5.315930,5.467280,5.162622,1163342
2016-05-02,5.448360,5.467280,5.382150,5.401060,5.100092,601268
2016-05-03,5.448360,5.495650,5.391610,5.448360,5.144757,692551
2016-05-04,5.448360,5.476740,5.278100,5.306470,5.010773,890793
2016-05-05,5.287560,5.401060,5.249720,5.344310,5.046504,627339
2016-05-06,5.306470,5.344310,5.126750,5.344310,5.046504,1034746
2016-05-09,5.325390,5.363230,5.254450,5.334850,5.037572,897704
2016-05-10,5.372690,5.618620,5.287560,5.476740,5.171555,1746144
2016-05-11,5.495650,5.694290,5.438900,5.647000,5.332328,1746388
2016-05-12,5.628080,5.703750,5.571330,5.618620,5.305529,1050922
2016-05-13,5.675370,5.675370,5.467280,5.524030,5.216210,1373886
2016-05-16,5.561870,5.628080,5.542950,5.618620,5.305529,970677
2016-05-17,5.647000,5.703750,5.571330,5.618620,5.305529,1266729
2016-05-18,5.618620,5.647000,5.476740,5.542950,5.234076,1299255
2016-05-19,5.618620,5.637540,5.514570,5.571330,5.260874,1189129
2016-05-20,5.561870,5.604430,5.419980,5.542950,5.234076,611457
2016-05-23,5.590240,5.618620,5.495650,5.542950,5.234076,760548
2016-05-24,5.533490,5.552410,5.391610,5.419980,5.117958,1011274
2016-05-25,5.486200,5.533490,5.429440,5.495650,5.189411,2676833
2016-05-26,5.533490,5.533490,5.419980,5.486200,5.180488,715329
2016-05-27,5.533490,5.533490,5.448360,5.505110,5.198344,626885
2016-05-30,5.524030,5.628080,5.448360,5.580780,5.269798,1036076
2016-05-31,5.533490,5.533490,5.448360,5.486200,5.180488,1426960
2016-06-01,5.438900,5.467280,5.334850,5.334850,5.037572,1119075
2016-06-02,5.334850,5.344310,4.984870,5.032170,4.751758,5311230
2016-06-03,5.126750,5.145670,5.022710,5.088920,4.805346,1857439
2016-06-06,5.107840,5.107840,4.970680,4.994330,4.716027,1393303
2016-06-07,4.861900,4.965950,4.360580,4.880820,4.608842,9942010
2016-06-08,4.842990,4.842990,4.559220,4.644350,4.385549,2612566
2016-06-09,4.663270,4.672720,4.426790,4.587590,4.331952,3141831
2016-06-10,4.634890,4.691640,4.540300,4.653810,4.394482,1125996
2016-06-14,4.653810,4.653810,4.426790,4.445710,4.197978,1277485
2016-06-15,4.445710,4.445710,4.322740,4.341660,4.099726,1616865
2016-06-16,4.351120,4.445710,4.351120,4.370040,4.126525,3934457
2016-06-17,4.445710,4.455170,4.360580,4.398420,4.153323,1784763
2016-06-20,4.455170,4.568680,4.388960,4.540300,4.287297,1515537
2016-06-21,4.540300,4.606510,4.493000,4.606510,4.349818,1378802
2016-06-22,4.634890,4.672720,4.530840,4.559220,4.305163,1309691
2016-06-23,4.568680,4.653810,4.540300,4.615970,4.358751,1414834
2016-06-24,4.644350,4.644350,4.422060,4.474090,4.224777,1906205
2016-06-27,4.474090,4.493000,4.388960,4.464630,4.215844,962137
2016-06-28,4.445710,4.445710,4.313280,4.341660,4.099726,1102477
2016-06-29,4.398420,4.455170,4.322740,4.407870,4.162247,1103708
2016-06-30,4.417330,4.474090,4.360580,4.360580,4.117592,1411773
2016-07-01,4.370040,4.417330,4.370040,4.398420,4.153323,682354
2016-07-04,4.360580,4.516650,4.351120,4.493000,4.242633,771692
2016-07-05,4.493000,4.497730,4.332200,4.351120,4.108659,705422
2016-07-06,4.303830,4.370040,4.256530,4.332200,4.090794,783283
2016-07-07,4.351120,4.455170,4.351120,4.398420,4.153323,727617
2016-07-08,4.379500,4.379500,4.327470,4.370040,4.126525,406484
2016-07-11,4.351120,4.455170,4.322740,4.426790,4.180113,842030
2016-07-12,4.426790,4.474090,4.379500,4.379500,4.135458,460339
2016-07-13,4.360580,4.445710,4.360580,4.388960,4.144391,662063
2016-07-14,4.360580,4.521380,4.351120,4.511920,4.260499,818750
2016-07-15,4.530840,4.549760,4.474090,4.493000,4.242633,595464
2016-07-18,4.493000,4.559220,4.474090,4.493000,4.242633,509837
2016-07-19,4.493000,4.615970,4.483550,4.568680,4.314095,714387
2016-07-20,4.587590,4.653810,4.540300,4.559220,4.305163,703745
2016-07-21,4.568680,4.776770,4.568680,4.672720,4.412338,858440
2016-07-22,4.663270,4.691640,4.606510,4.682180,4.421271,812353
2016-07-25,4.738940,4.786230,4.682180,4.767310,4.501657,537351
2016-07-26,4.776770,4.776770,4.691640,4.748400,4.483801,844365
2016-07-27,4.786230,4.786230,4.701100,4.757860,4.492734,600235
2016-07-28,4.824070,4.857170,4.738940,4.805150,4.537389,575636
2016-07-29,4.852440,4.918660,4.824070,4.852440,4.582044,1211877
2016-08-01,4.833530,4.871360,4.720020,4.767310,4.501657,1578212
2016-08-02,4.776770,4.824070,4.672720,4.729480,4.465935,740656
2016-08-03,4.738940,4.781500,4.663270,4.682180,4.421271,720628
2016-08-04,4.710560,4.729480,4.630160,4.710560,4.448070,577724
2016-08-05,4.710560,4.776770,4.710560,4.748400,4.483801,592259
2016-08-08,4.757860,4.861900,4.738940,4.852440,4.582044,885157
2016-08-09,4.852440,4.899740,4.833530,4.890280,4.617775,745195
2016-08-10,4.890280,4.956490,4.800420,4.899740,4.626708,574967
2016-08-11,4.899740,4.899740,4.786230,4.814610,4.546322,552598
2016-08-12,4.833530,4.890280,4.824070,4.880820,4.608842,605361
2016-08-15,4.880820,4.975410,4.852440,4.928120,4.653507,559938
2016-08-16,4.965950,5.032170,4.909200,4.928120,4.653507,753290
2016-08-17,4.947030,5.022710,4.880820,4.994330,4.716027,714595
2016-08-18,5.003790,5.022710,4.824070,4.880820,4.608842,528629
2016-08-19,4.880820,4.937580,4.842990,4.890280,4.617775,333191
2016-08-22,4.861900,4.861900,4.597050,4.644350,4.385549,1434407
2016-08-23,4.634890,4.710560,4.474090,4.493000,4.242633,1927859
2016-08-24,4.521380,4.587590,4.483550,4.502460,4.251566,916601
2016-08-25,4.493000,4.578140,4.483550,4.511920,4.260499,949944
2016-08-26,4.521380,4.672720,4.483550,4.653810,4.394482,846126
2016-08-29,4.057890,4.171400,3.783580,3.878170,3.662064,12422276
2016-08-30,3.783580,3.793040,3.291720,3.291720,3.108293,15604380
2016-08-31,3.263340,3.461980,3.149830,3.253880,3.072562,12311657
2016-09-01,3.310630,3.405220,3.093080,3.168750,2.992175,6913908
2016-09-02,3.197130,3.206590,2.913360,2.979570,2.813537,9845342
2016-09-05,2.601210,2.695800,2.062050,2.629590,2.483059,18972291
2016-09-06,2.648510,2.884980,2.601210,2.771470,2.617033,6556164
2016-09-07,2.989030,3.149830,2.894440,3.045780,2.876058,7756967
2016-09-08,3.130910,3.149830,2.875520,3.007950,2.840336,3625588
2016-09-09,2.932280,3.093080,2.922820,3.036330,2.867134,3271103
2016-09-12,2.998490,3.026870,2.941740,3.007950,2.840336,1243816
2016-09-13,3.064700,3.102540,2.998490,3.017410,2.849268,1680056
2016-09-14,2.979570,2.998490,2.866060,2.884980,2.724218,2547342
2016-09-15,2.884980,2.941740,2.851880,2.922820,2.759949,1311452
2016-09-16,2.979570,3.083620,2.970110,3.026870,2.858201,3532793
2016-09-19,3.055240,3.121460,3.026870,3.045780,2.876058,443971
2016-09-20,3.026870,3.064700,3.012680,3.055240,2.884990,690126
2016-09-21,3.064700,3.093080,3.045780,3.064700,2.893923,695390
2016-09-22,3.112000,3.197130,3.050510,3.197130,3.018974,1173854
2016-09-23,3.225500,3.329550,3.225500,3.320090,3.135082,1979419
2016-09-26,3.320090,3.348470,3.263340,3.282260,3.099360,1127378
2016-09-27,3.301180,3.310630,3.253880,3.282260,3.099360,1180902
2016-09-28,3.310630,3.339010,3.225500,3.272800,3.090427,1629754
2016-09-29,3.301180,3.301180,3.206590,3.282260,3.099360,818648
2016-09-30,3.140370,3.244420,3.093080,3.140370,3.140370,1177132
2016-10-02,3.121460,3.187670,3.121460,3.178210,3.178210,229448
2016-10-03,3.149830,3.197130,3.102540,3.121460,3.121460,1107335
2016-10-04,3.121460,3.121460,3.121460,3.121460,3.121460,0
2016-10-05,2.809310,3.026870,2.738370,3.026870,3.026870,3232234
2016-10-06,2.941740,2.970110,2.837690,2.837690,2.837690,3367892
2016-10-09,2.847150,2.847150,2.724180,2.733640,2.733640,2276829
2016-10-10,2.743100,2.762020,2.544460,2.563380,2.563380,3521797
2016-10-11,2.525540,2.639050,2.506620,2.516080,2.516080,1986245
2016-10-12,2.535000,2.553920,2.468790,2.525540,2.525540,1389500
2016-10-13,2.535000,2.544460,2.440410,2.478250,2.478250,1637336
2016-10-16,2.459330,2.535000,2.459330,2.506620,2.506620,681432
2016-10-17,2.516080,2.553920,2.487710,2.497160,2.497160,599323
2016-10-18,2.497160,2.525540,2.478250,2.487710,2.487710,687634
2016-10-19,2.497160,2.572840,2.478250,2.544460,2.544460,1533189
2016-10-20,2.535000,2.610670,2.511350,2.544460,2.544460,1238215
2016-10-23,2.553920,2.563380,2.497160,2.516080,2.516080,694975
2016-10-24,2.535000,2.582300,2.506620,2.553920,2.553920,929721
2016-10-25,2.535000,2.544460,2.487710,2.506620,2.506620,793427
2016-10-26,2.563380,2.572840,2.516080,2.553920,2.553920,1364368
2016-10-27,2.553920,2.582300,2.506620,2.535000,2.535000,1104978
2016-10-30,2.516080,2.544460,2.487710,2.535000,2.535000,663665
2016-10-31,2.516080,2.601210,2.506620,2.582300,2.582300,883863
2016-11-01,2.553920,2.686340,2.553920,2.648510,2.648510,1339391
2016-11-02,2.648510,2.799850,2.610670,2.733640,2.733640,1331293
2016-11-03,2.743100,2.752560,2.634320,2.676880,2.676880,709471
2016-11-06,2.676880,2.714720,2.620130,2.639050,2.639050,771539
2016-11-07,2.639050,2.724180,2.639050,2.686340,2.686340,402006
2016-11-08,2.686340,2.724180,2.610670,2.648510,2.648510,1186831
2016-11-09,2.705260,2.818770,2.686340,2.714720,2.714720,1067229
2016-11-10,2.648510,2.686340,2.629590,2.667430,2.667430,749980
2016-11-13,2.676880,2.724180,2.639050,2.686340,2.686340,579592
2016-11-14,2.686340,2.743100,2.639050,2.714720,2.714720,752080
2016-11-15,2.705260,2.799850,2.695800,2.705260,2.705260,1109808
2016-11-16,2.705260,2.752560,2.648510,2.657970,2.657970,707037
2016-11-17,2.676880,2.691070,2.610670,2.639050,2.639050,733417
2016-11-20,2.648510,2.667430,2.582300,2.582300,2.582300,868108
2016-11-21,2.591750,2.733640,2.591750,2.705260,2.705260,1110688
2016-11-22,2.724180,2.894440,2.639050,2.866060,2.866060,2771955
2016-11-23,2.875520,2.884980,2.790390,2.809310,2.809310,1161250
2016-11-24,2.809310,2.809310,2.724180,2.762020,2.762020,753877
2016-11-27,2.752560,2.799850,2.733640,2.743100,2.743100,560108
2016-11-28,2.743100,2.743100,2.544460,2.563380,2.563380,2131746
2016-11-29,2.516080,2.657970,2.468790,2.525540,2.525540,2467550
2016-11-30,2.525540,2.535000,2.459330,2.506620,2.506620,1061649
2016-12-01,2.487710,2.525540,2.459330,2.478250,2.478250,658347
2016-12-04,2.478250,2.539730,2.364740,2.393120,2.393120,1426145
2016-12-05,2.402580,2.667430,2.345820,2.667430,2.667430,2485789
2016-12-06,2.705260,2.818770,2.535000,2.610670,2.610670,5073763
2016-12-07,2.676880,2.724180,2.468790,2.525540,2.525540,2179741
2016-12-08,2.525540,2.553920,2.487710,2.535000,2.535000,1128179
2016-12-11,2.535000,2.535000,2.535000,2.535000,2.535000,0
2016-12-12,2.370000,2.570000,2.350000,2.440000,2.440000,4216796
2016-12-13,2.400000,2.500000,2.370000,2.470000,2.470000,3226556
2016-12-14,2.400000,2.450000,2.360000,2.390000,2.390000,2315149
2016-12-15,2.390000,2.550000,2.370000,2.550000,2.550000,2812386
2016-12-18,2.580000,2.620000,2.530000,2.620000,2.620000,1534424
2016-12-19,2.630000,2.690000,2.530000,2.680000,2.680000,2116072
2016-12-20,2.680000,2.690000,2.610000,2.630000,2.630000,1694045
2016-12-21,2.630000,2.630000,2.460000,2.490000,2.490000,3822611
2016-12-22,2.500000,2.510000,2.390000,2.410000,2.410000,1072171
2016-12-27,2.410000,2.510000,2.410000,2.510000,2.510000,1000933
2016-12-28,2.530000,2.570000,2.490000,2.570000,2.570000,968729
2016-12-29,2.570000,2.600000,2.540000,2.600000,2.600000,555643
2017-01-02,2.600000,2.610000,2.560000,2.590000,2.590000,1081957
2017-01-03,2.590000,2.610000,2.565000,2.600000,2.600000,849421
2017-01-04,2.600000,2.660000,2.595000,2.630000,2.630000,931010
2017-01-05,2.630000,2.650000,2.590000,2.600000,2.600000,1086687
2017-01-08,2.630000,2.650000,2.620000,2.630000,2.630000,795219
2017-01-09,2.620000,2.690000,2.610000,2.660000,2.660000,1324071
2017-01-10,2.670000,2.690000,2.620000,2.630000,2.630000,732215
2017-01-11,2.650000,2.670000,2.630000,2.640000,2.640000,610588
2017-01-12,2.640000,2.650000,2.600000,2.650000,2.650000,523078
2017-01-15,2.630000,2.780000,2.630000,2.780000,2.780000,1127280
2017-01-16,2.780000,2.780000,2.710000,2.750000,2.750000,601574
2017-01-17,2.770000,2.770000,2.720000,2.750000,2.750000,477732
2017-01-18,2.780000,2.780000,2.730000,2.760000,2.760000,629884
2017-01-19,2.750000,2.760000,2.660000,2.700000,2.700000,1629519
2017-01-22,2.740000,2.740000,2.690000,2.700000,2.700000,1427956
2017-01-23,2.700000,2.740000,2.680000,2.740000,2.740000,1144383
2017-01-24,2.720000,2.740000,2.690000,2.710000,2.710000,1812597
2017-01-26,2.710000,2.800000,2.700000,2.750000,2.750000,1272335
2017-01-29,2.720000,2.765000,2.720000,2.750000,2.750000,1219054
2017-01-30,2.740000,2.750000,2.690000,2.690000,2.690000,2240110
2017-01-31,2.690000,2.710000,2.690000,2.700000,2.700000,1709067
2017-02-01,2.740000,2.740000,2.640000,2.670000,2.670000,1164799
2017-02-02,2.650000,2.690000,2.640000,2.690000,2.690000,3111846
2017-02-05,2.700000,2.740000,2.695000,2.720000,2.720000,2212906
2017-02-06,2.710000,2.790000,2.690000,2.770000,2.770000,1985406
2017-02-07,2.760000,2.790000,2.750000,2.760000,2.760000,826490
2017-02-08,2.760000,2.790000,2.740000,2.760000,2.760000,934289
2017-02-09,2.780000,2.830000,2.760000,2.820000,2.820000,1076947
2017-02-12,2.840000,2.840000,2.770000,2.780000,2.780000,1010558
2017-02-13,2.770000,2.830000,2.760000,2.800000,2.800000,512501
2017-02-14,2.820000,2.830000,2.795000,2.810000,2.810000,1558980
2017-02-15,2.830000,2.840000,2.800000,2.800000,2.800000,1120178
2017-02-16,2.820000,2.840000,2.800000,2.820000,2.820000,623305
2017-02-19,2.850000,2.860000,2.825000,2.850000,2.850000,1827969
2017-02-20,2.860000,2.860000,2.795000,2.820000,2.820000,740624
2017-02-21,2.850000,2.870000,2.830000,2.850000,2.850000,812045
2017-02-22,2.950000,3.260000,2.950000,3.250000,3.250000,7324032
2017-02-23,3.240000,3.290000,3.080000,3.120000,3.120000,2308940
2017-02-26,3.130000,3.200000,3.110000,3.160000,3.160000,2850933
2017-02-27,3.160000,3.170000,3.070000,3.120000,3.120000,1989538
2017-02-28,3.100000,3.185000,3.090000,3.170000,3.170000,1549433
2017-03-01,3.200000,3.200000,3.075000,3.110000,3.110000,3002400
2017-03-02,3.100000,3.170000,3.090000,3.140000,3.140000,1263992
2017-03-05,3.150000,3.150000,3.090000,3.100000,3.100000,985361
2017-03-06,3.100000,3.180000,3.090000,3.150000,3.150000,1006201
2017-03-07,3.150000,3.150000,3.100000,3.120000,3.120000,760856
2017-03-08,3.100000,3.170000,3.090000,3.130000,3.130000,1750616
2017-03-09,3.140000,3.140000,3.095000,3.110000,3.110000,1152854
2017-03-12,3.100000,3.130000,3.090000,3.130000,3.130000,1626318
2017-03-13,3.130000,3.180000,3.070000,3.100000,3.100000,1382038
2017-03-14,3.100000,3.130000,3.050000,3.100000,3.100000,1114155
2017-03-15,3.090000,3.090000,2.960000,3.000000,3.000000,1697069
2017-03-16,2.980000,3.020000,2.940000,3.000000,3.000000,1159738
2017-03-19,3.030000,3.075000,3.000000,3.040000,3.040000,1239670
2017-03-20,3.010000,3.090000,3.010000,3.080000,3.080000,563681
2017-03-21,3.030000,3.090000,3.030000,3.040000,3.040000,746818
2017-03-22,3.040000,3.050000,2.960000,3.030000,3.030000,676312
2017-03-23,2.990000,3.100000,2.980000,3.080000,3.080000,677817
2017-03-26,3.080000,3.100000,3.060000,3.090000,3.090000,335340
2017-03-27,3.080000,3.145000,3.060000,3.140000,3.140000,1924185
2017-03-28,3.160000,3.200000,3.110000,3.120000,3.120000,1906045
2017-03-29,3.200000,3.200000,3.110000,3.140000,3.140000,343827
2017-03-30,3.140000,3.150000,3.080000,3.090000,3.090000,1280202
2017-04-03,3.060000,3.100000,3.060000,3.070000,3.070000,989883
2017-04-04,3.070000,3.100000,3.060000,3.080000,3.080000,520661
2017-04-05,3.070000,3.150000,3.060000,3.150000,3.150000,889495
2017-04-06,3.220000,3.310000,3.220000,3.260000,3.260000,6169874
2017-04-07,3.280000,3.280000,3.080000,3.190000,3.190000,2145036
2017-04-10,3.190000,3.210000,3.140000,3.190000,3.190000,1065990
2017-04-11,3.190000,3.210000,3.170000,3.170000,3.170000,1169901
2017-04-12,3.190000,3.200000,3.170000,3.180000,3.180000,676603
2017-04-13,3.180000,3.180000,3.130000,3.140000,3.140000,681884
2017-04-18,3.140000,3.150000,3.050000,3.060000,3.060000,767573
2017-04-19,3.060000,3.080000,3.050000,3.070000,3.070000,738677
2017-04-20,3.040000,3.070000,3.040000,3.070000,3.070000,915104
2017-04-21,3.080000,3.100000,3.070000,3.080000,3.080000,529716
2017-04-24,3.090000,3.090000,3.040000,3.050000,3.050000,627918
2017-04-26,3.050000,3.080000,3.030000,3.030000,3.030000,967402
2017-04-27,3.040000,3.040000,3.000000,3.010000,3.010000,649996
2017-04-28,3.030000,3.070000,3.010000,3.060000,3.060000,2333129
2017-05-01,3.100000,3.160000,3.090000,3.140000,3.140000,1315799
2017-05-02,3.160000,3.220000,3.125000,3.200000,3.200000,1298948
2017-05-03,3.220000,3.230000,3.160000,3.170000,3.170000,697786
2017-05-04,3.200000,3.375000,3.200000,3.260000,3.260000,2788393
2017-05-05,3.230000,3.255000,3.170000,3.190000,3.190000,1861297
2017-05-08,3.240000,3.250000,3.210000,3.220000,3.220000,2956178
2017-05-09,3.210000,3.220000,3.180000,3.190000,3.190000,1010688
2017-05-10,3.200000,3.220000,3.170000,3.190000,3.190000,805176
2017-05-11,3.180000,3.190000,3.160000,3.170000,3.170000,880913
2017-05-12,3.160000,3.170000,3.110000,3.110000,3.110000,893641
2017-05-15,3.130000,3.140000,3.070000,3.070000,3.070000,984268
2017-05-16,3.100000,3.110000,3.070000,3.090000,3.090000,656149
2017-05-17,3.100000,3.110000,3.040000,3.040000,3.040000,1119676
2017-05-18,3.010000,3.120000,3.000000,3.080000,3.080000,1797925
2017-05-19,3.100000,3.120000,3.040000,3.100000,3.100000,387667
2017-05-22,3.060000,3.100000,3.050000,3.060000,3.060000,576633
2017-05-23,3.050000,3.090000,3.040000,3.080000,3.080000,716592
2017-05-24,3.080000,3.080000,3.035000,3.060000,3.060000,809064
2017-05-25,3.070000,3.110000,3.020000,3.020000,3.020000,708123
2017-05-26,3.070000,3.100000,2.970000,2.980000,2.980000,519374
2017-05-29,2.980000,3.070000,2.960000,3.050000,3.050000,1053048
2017-05-30,3.010000,3.060000,2.980000,3.030000,3.030000,3389163
2017-05-31,3.050000,3.190000,3.040000,3.190000,3.190000,2724596
2017-06-01,3.130000,3.190000,3.080000,3.080000,3.080000,1131290
2017-06-02,3.110000,3.170000,3.100000,3.150000,3.150000,881049
2017-06-05,3.130000,3.170000,3.100000,3.130000,3.130000,913228
2017-06-06,3.090000,3.130000,3.040000,3.050000,3.050000,1403637
2017-06-07,3.060000,3.080000,3.020000,3.050000,3.050000,1663088
2017-06-08,3.070000,3.120000,3.045000,3.060000,3.060000,1069106
2017-06-09,3.060000,3.080000,3.000000,3.010000,3.010000,1045988
2017-06-13,3.010000,3.070000,3.010000,3.050000,3.050000,1859893
2017-06-14,3.050000,3.120000,3.040000,3.060000,3.060000,1646222
2017-06-15,3.050000,3.120000,3.040000,3.100000,3.100000,2219813
2017-06-16,3.090000,3.120000,3.050000,3.120000,3.120000,1429524
2017-06-19,3.120000,3.130000,3.080000,3.100000,3.100000,350118
2017-06-20,3.060000,3.130000,3.060000,3.100000,3.100000,704654
2017-06-21,3.080000,3.130000,3.070000,3.090000,3.090000,855838
2017-06-22,3.100000,3.110000,3.050000,3.110000,3.110000,610018
2017-06-23,3.120000,3.120000,3.070000,3.080000,3.080000,965506
2017-06-26,3.090000,3.190000,3.070000,3.160000,3.160000,1802775
2017-06-27,3.130000,3.145000,3.090000,3.140000,3.140000,934400
2017-06-28,3.110000,3.170000,3.110000,3.150000,3.150000,1198746
2017-06-29,3.160000,3.160000,3.130000,3.150000,3.150000,992693
2017-06-30,3.130000,3.150000,3.050000,3.050000,3.050000,780676
2017-07-03,3.100000,3.100000,3.050000,3.050000,3.050000,1097170
2017-07-04,3.070000,3.140000,3.050000,3.120000,3.120000,349636
2017-07-05,3.130000,3.130000,3.055000,3.090000,3.090000,460523
2017-07-06,3.070000,3.160000,3.060000,3.150000,3.150000,1463328
2017-07-07,3.150000,3.160000,3.120000,3.140000,3.140000,887497
2017-07-10,3.170000,3.170000,3.070000,3.070000,3.070000,1111904
2017-07-11,3.060000,3.090000,3.050000,3.070000,3.070000,501294
2017-07-12,3.060000,3.090000,3.030000,3.040000,3.040000,615166
2017-07-13,3.080000,3.140000,3.040000,3.120000,3.120000,420499
2017-07-14,3.120000,3.150000,3.080000,3.120000,3.120000,555540
2017-07-17,3.120000,3.120000,3.080000,3.080000,3.080000,222598
2017-07-18,3.080000,3.100000,3.040000,3.040000,3.040000,1260586
2017-07-19,3.050000,3.060000,2.970000,2.980000,2.980000,848215
2017-07-20,2.970000,2.980000,2.930000,2.970000,2.970000,948675
2017-07-21,2.940000,3.030000,2.930000,3.010000,3.010000,532325
2017-07-24,2.960000,3.020000,2.930000,2.940000,2.940000,780695
2017-07-25,2.930000,3.000000,2.930000,3.000000,3.000000,613872
2017-07-26,3.030000,3.040000,2.990000,3.040000,3.040000,745985
2017-07-27,3.040000,3.080000,2.970000,2.990000,2.990000,691568
2017-07-28,2.990000,3.000000,2.940000,2.960000,2.960000,1031595
2017-07-31,2.950000,2.990000,2.900000,2.900000,2.900000,823695
2017-08-01,2.890000,2.900000,2.860000,2.890000,2.890000,571036
2017-08-02,2.870000,2.900000,2.850000,2.890000,2.890000,752188
2017-08-03,2.920000,2.930000,2.860000,2.890000,2.890000,510967
2017-08-04,2.880000,2.910000,2.870000,2.890000,2.890000,311041
2017-08-07,2.870000,2.970000,2.870000,2.970000,2.970000,306537
2017-08-08,2.950000,2.970000,2.905000,2.930000,2.930000,249085
2017-08-09,2.920000,2.970000,2.900000,2.960000,2.960000,361424
2017-08-10,2.950000,2.980000,2.930000,2.960000,2.960000,369941
2017-08-11,2.930000,2.950000,2.910000,2.930000,2.930000,384279
2017-08-14,2.950000,3.000000,2.950000,2.980000,2.980000,370420
2017-08-15,3.000000,3.030000,2.980000,2.990000,2.990000,486822
2017-08-16,3.000000,3.030000,2.970000,3.020000,3.020000,847056
2017-08-17,3.030000,3.070000,3.010000,3.040000,3.040000,444613
2017-08-18,3.000000,3.050000,2.985000,3.030000,3.030000,447497
2017-08-21,3.040000,3.040000,3.000000,3.020000,3.020000,530987
2017-08-22,3.020000,3.030000,3.000000,3.020000,3.020000,332472
2017-08-23,3.050000,3.050000,3.000000,3.010000,3.010000,551467
2017-08-24,3.070000,3.190000,3.060000,3.150000,3.150000,5574901
2017-08-25,3.130000,3.170000,3.130000,3.150000,3.150000,2973780
2017-08-28,3.170000,3.190000,3.130000,3.160000,3.160000,1991500
