2014-07-28,2.100000,2.210000,2.090000,2.210000,2.067323,83365467
2014-07-29,2.240000,2.260000,2.210000,2.230000,2.086032,37474155
2014-07-30,2.230000,2.290000,2.225000,2.270000,2.123450,47340237
2014-07-31,2.270000,2.280000,2.250000,2.260000,2.114095,31110183
2014-08-01,2.220000,2.250000,2.220000,2.240000,2.095386,13898853
2014-08-04,2.240000,2.250000,2.230000,2.230000,2.086032,5689227
2014-08-05,2.230000,2.250000,2.230000,2.250000,2.104741,15769856
2014-08-06,2.250000,2.270000,2.240000,2.240000,2.095386,17364647
2014-08-07,2.240000,2.250000,2.210000,2.210000,2.067323,7420876
2014-08-08,2.200000,2.210000,2.140000,2.160000,2.020551,10084569
2014-08-11,2.170000,2.185000,2.160000,2.160000,2.020551,4074558
2014-08-12,2.170000,2.190000,2.150000,2.190000,2.048615,7664558
2014-08-13,2.180000,2.200000,2.170000,2.190000,2.048615,4411894
2014-08-14,2.190000,2.190000,2.170000,2.180000,2.039260,3536839
2014-08-15,2.180000,2.220000,2.175000,2.210000,2.067323,8035169
2014-08-18,2.210000,2.235000,2.210000,2.220000,2.076678,3246257
2014-08-19,2.230000,2.245000,2.220000,2.240000,2.095386,4610055
2014-08-20,2.240000,2.250000,2.230000,2.250000,2.104741,1582347
2014-08-21,2.250000,2.260000,2.230000,2.260000,2.114095,6110216
2014-08-22,2.260000,2.270000,2.250000,2.270000,2.123450,4568135
2014-08-25,2.260000,2.280000,2.255000,2.270000,2.123450,2322272
2014-08-26,2.270000,2.280000,2.265000,2.270000,2.123450,1920524
2014-08-27,2.270000,2.290000,2.220000,2.230000,2.086032,3995818
2014-08-28,2.230000,2.250000,2.230000,2.240000,2.095386,1261492
2014-08-29,2.240000,2.280000,2.235000,2.280000,2.132804,2969233
2014-09-01,2.280000,2.280000,2.265000,2.280000,2.132804,1878331
2014-09-02,2.270000,2.270000,2.240000,2.270000,2.123450,1962758
2014-09-03,2.260000,2.315000,2.260000,2.310000,2.160867,8551067
2014-09-04,2.310000,2.340000,2.310000,2.320000,2.170221,5292225
2014-09-05,2.330000,2.375000,2.320000,2.360000,2.207639,4185673
2014-09-08,2.350000,2.360000,2.310000,2.320000,2.170221,2017161
2014-09-09,2.330000,2.370000,2.320000,2.360000,2.207639,2933372
2014-09-10,2.360000,2.370000,2.320000,2.340000,2.188930,3929209
2014-09-11,2.360000,2.410000,2.350000,2.410000,2.254411,4919109
2014-09-12,2.400000,2.440000,2.400000,2.420000,2.263766,8503519
2014-09-15,2.410000,2.435000,2.380000,2.420000,2.263766,3789010
2014-09-16,2.410000,2.430000,2.380000,2.420000,2.263766,2371885
2014-09-17,2.430000,2.450000,2.425000,2.440000,2.282474,3079753
2014-09-18,2.430000,2.450000,2.420000,2.430000,2.273120,3591909
2014-09-19,2.440000,2.450000,2.430000,2.430000,2.273120,2579701
2014-09-22,2.440000,2.450000,2.415000,2.450000,2.291829,5973452
2014-09-23,2.440000,2.450000,2.430000,2.440000,2.282474,2151888
2014-09-24,2.420000,2.440000,2.420000,2.440000,2.282474,4733328
2014-09-25,2.440000,2.450000,2.430000,2.450000,2.291829,7438178
2014-09-26,2.440000,2.440000,2.420000,2.440000,2.282474,3439602
2014-09-29,2.440000,2.515000,2.435000,2.460000,2.301183,3851919
2014-09-30,2.470000,2.480000,2.430000,2.440000,2.282474,3303592
2014-10-01,2.430000,2.460000,2.420000,2.460000,2.301183,2484949
2014-10-02,2.440000,2.450000,2.440000,2.450000,2.291829,8331341
2014-10-03,2.440000,2.450000,2.420000,2.420000,2.263766,7812834
2014-10-05,2.450000,2.460000,2.435000,2.450000,2.291829,1354007
2014-10-06,2.460000,2.490000,2.460000,2.480000,2.319892,9482321
2014-10-07,2.480000,2.490000,2.460000,2.470000,2.310538,7335583
2014-10-08,2.520000,2.570000,2.495000,2.520000,2.357310,13709107
2014-10-09,2.470000,2.510000,2.450000,2.470000,2.310538,8666782
2014-10-12,2.430000,2.450000,2.420000,2.440000,2.282474,7610329
2014-10-13,2.430000,2.440000,2.400000,2.420000,2.263766,6577802
2014-10-14,2.420000,2.440000,2.380000,2.390000,2.235702,5658893
2014-10-15,2.380000,2.400000,2.350000,2.390000,2.235702,4016776
2014-10-16,2.400000,2.430000,2.380000,2.390000,2.235702,5228098
2014-10-19,2.410000,2.425000,2.400000,2.420000,2.263766,10256202
2014-10-20,2.400000,2.415000,2.370000,2.400000,2.245057,5737231
2014-10-21,2.400000,2.420000,2.390000,2.410000,2.254411,7300674
2014-10-22,2.400000,2.420000,2.400000,2.420000,2.263766,4341875
2014-10-23,2.420000,2.470000,2.410000,2.450000,2.291829,6826632
2014-10-26,2.450000,2.480000,2.450000,2.460000,2.301183,2926902
2014-10-27,2.460000,2.480000,2.450000,2.460000,2.301183,3033690
2014-10-28,2.470000,2.530000,2.470000,2.500000,2.338601,7117989
2014-10-29,2.520000,2.560000,2.515000,2.540000,2.376019,4763540
2014-10-30,2.540000,2.550000,2.520000,2.540000,2.376019,5920658
2014-11-02,2.540000,2.550000,2.500000,2.500000,2.338601,1812945
2014-11-03,2.520000,2.545000,2.510000,2.530000,2.366664,2798272
2014-11-04,2.560000,2.595000,2.540000,2.570000,2.404081,6420431
2014-11-05,2.590000,2.630000,2.550000,2.580000,2.413436,44900825
2014-11-06,2.630000,2.630000,2.560000,2.610000,2.441499,12931533
2014-11-09,2.590000,2.630000,2.590000,2.600000,2.432145,5221875
2014-11-10,2.630000,2.630000,2.580000,2.590000,2.422791,10226923
2014-11-11,2.570000,2.590000,2.550000,2.570000,2.404081,4994848
2014-11-12,2.580000,2.580000,2.540000,2.550000,2.385373,16272998
2014-11-13,2.560000,2.560000,2.530000,2.540000,2.376019,6067002
2014-11-16,2.550000,2.550000,2.520000,2.520000,2.357310,7495468
2014-11-17,2.530000,2.530000,2.455000,2.470000,2.310538,7312034
2014-11-18,2.490000,2.500000,2.440000,2.460000,2.301183,6871412
2014-11-19,2.470000,2.485000,2.440000,2.480000,2.319892,5278540
2014-11-20,2.480000,2.515000,2.470000,2.490000,2.329246,4366236
2014-11-23,2.520000,2.550000,2.500000,2.550000,2.385373,5113404
2014-11-24,2.570000,2.580000,2.515000,2.550000,2.385373,99320257
2014-11-25,2.570000,2.610000,2.560000,2.610000,2.441499,4508341
2014-11-26,2.610000,2.610000,2.530000,2.560000,2.394727,3220178
2014-11-27,2.600000,2.630000,2.550000,2.610000,2.441499,3801085
2014-11-30,2.630000,2.630000,2.510000,2.530000,2.366664,3664424
2014-12-01,2.530000,2.610000,2.530000,2.600000,2.432145,4940383
2014-12-02,2.600000,2.600000,2.570000,2.600000,2.432145,4016608
2014-12-03,2.600000,2.605000,2.560000,2.600000,2.432145,3417953
2014-12-04,2.600000,2.620000,2.520000,2.610000,2.441499,5669701
2014-12-07,2.610000,2.670000,2.570000,2.660000,2.488271,6791593
2014-12-08,2.660000,2.660000,2.615000,2.630000,2.460208,6228372
2014-12-09,2.610000,2.630000,2.580000,2.610000,2.441499,4626675
2014-12-10,2.560000,2.630000,2.555000,2.590000,2.422791,4977417
2014-12-11,2.560000,2.650000,2.560000,2.570000,2.404081,6575166
2014-12-14,2.550000,2.590000,2.510000,2.550000,2.385373,4823539
2014-12-15,2.550000,2.580000,2.520000,2.580000,2.413436,5821908
2014-12-16,2.580000,2.600000,2.540000,2.590000,2.422791,5150407
2014-12-17,2.570000,2.650000,2.560000,2.650000,2.478917,8106835
2014-12-18,2.650000,2.710000,2.620000,2.660000,2.488271,49139667
2014-12-21,2.700000,2.700000,2.600000,2.610000,2.441499,3031869
2014-12-22,2.620000,2.620000,2.570000,2.570000,2.404081,2270244
2014-12-23,2.580000,2.630000,2.560000,2.600000,2.432145,1958416
2014-12-28,2.600000,2.670000,2.600000,2.660000,2.488271,2819761
2014-12-29,2.670000,2.715000,2.660000,2.700000,2.525689,2961248
2014-12-30,2.720000,2.730000,2.690000,2.720000,2.544398,984919
2015-01-01,2.720000,2.750000,2.680000,2.700000,2.525689,2390213
2015-01-04,2.730000,2.750000,2.660000,2.690000,2.516335,2720757
2015-01-05,2.670000,2.690000,2.650000,2.660000,2.488271,2790683
2015-01-06,2.630000,2.690000,2.605000,2.650000,2.478917,5295215
2015-01-07,2.660000,2.690000,2.640000,2.660000,2.488271,1945780
2015-01-08,2.700000,2.750000,2.670000,2.750000,2.572461,2158846
2015-01-11,2.730000,2.740000,2.650000,2.650000,2.478917,2599521
2015-01-12,2.640000,2.720000,2.640000,2.690000,2.516335,3262752
2015-01-13,2.690000,2.720000,2.670000,2.710000,2.535043,2765309
2015-01-14,2.670000,2.700000,2.650000,2.680000,2.506980,1928460
2015-01-15,2.650000,2.670000,2.610000,2.630000,2.460208,3193171
2015-01-18,2.650000,2.660000,2.620000,2.640000,2.469563,1557336
2015-01-19,2.630000,2.650000,2.610000,2.640000,2.469563,1122661
2015-01-20,2.640000,2.690000,2.630000,2.690000,2.516335,1845322
2015-01-21,2.690000,2.690000,2.640000,2.670000,2.497626,1640176
2015-01-22,2.680000,2.710000,2.660000,2.700000,2.525689,1265716
2015-01-26,2.700000,2.750000,2.680000,2.730000,2.553752,1339261
2015-01-27,2.680000,2.750000,2.680000,2.750000,2.572461,2193619
2015-01-28,2.710000,2.740000,2.700000,2.740000,2.563107,2592819
2015-01-29,2.740000,2.750000,2.690000,2.700000,2.525689,2645549
2015-02-01,2.680000,2.690000,2.650000,2.670000,2.497626,2733222
2015-02-02,2.680000,2.700000,2.660000,2.690000,2.516335,2120112
2015-02-03,2.680000,2.680000,2.660000,2.660000,2.488271,1284302
2015-02-04,2.690000,2.710000,2.680000,2.690000,2.516335,1848597
2015-02-05,2.700000,2.700000,2.620000,2.630000,2.460208,3256906
2015-02-08,2.640000,2.680000,2.620000,2.650000,2.478917,2583570
2015-02-09,2.660000,2.670000,2.640000,2.650000,2.478917,1355097
2015-02-10,2.690000,2.700000,2.660000,2.690000,2.516335,2314532
2015-02-11,2.700000,2.700000,2.680000,2.700000,2.525689,3063185
2015-02-12,2.700000,2.750000,2.700000,2.750000,2.572461,3001070
2015-02-15,2.750000,2.750000,2.730000,2.750000,2.572461,1619276
2015-02-16,2.750000,2.750000,2.695000,2.710000,2.535043,2259235
2015-02-17,2.720000,2.750000,2.715000,2.750000,2.572461,1823560
2015-02-18,2.750000,2.850000,2.730000,2.770000,2.591169,2662939
2015-02-19,2.780000,2.835000,2.710000,2.750000,2.572461,2533162
2015-02-22,2.780000,2.830000,2.760000,2.800000,2.619233,1273603
2015-02-23,2.830000,2.890000,2.800000,2.850000,2.666005,3530167
2015-02-24,2.850000,2.940000,2.850000,2.900000,2.712777,3699132
2015-02-25,2.900000,2.950000,2.850000,2.930000,2.740840,2646869
2015-02-26,2.940000,2.950000,2.880000,2.930000,2.740840,8187246
2015-03-01,2.930000,3.060000,2.930000,3.010000,2.815676,3119701
2015-03-02,3.030000,3.150000,3.030000,3.040000,2.843739,3196453
2015-03-03,3.100000,3.150000,3.060000,3.100000,2.899865,4094996
2015-03-04,3.100000,3.100000,3.030000,3.040000,2.874336,7856198
2015-03-05,3.040000,3.060000,3.005000,3.040000,2.874336,2823422
2015-03-08,3.010000,3.030000,2.995000,3.010000,2.845971,4054289
2015-03-09,3.010000,3.070000,3.000000,3.020000,2.855426,2340539
2015-03-10,3.010000,3.050000,2.990000,3.010000,2.845971,4214705
2015-03-11,3.010000,3.030000,2.970000,2.990000,2.827061,2400491
2015-03-12,2.980000,2.985000,2.870000,2.910000,2.751420,5056843
2015-03-15,2.900000,2.950000,2.870000,2.920000,2.760876,2170304
2015-03-16,2.950000,2.950000,2.860000,2.870000,2.713600,4584287
2015-03-17,2.870000,2.920000,2.850000,2.890000,2.732511,2738719
2015-03-18,2.900000,2.960000,2.890000,2.950000,2.789241,4593923
2015-03-19,2.950000,2.970000,2.930000,2.970000,2.808151,6289718
2015-03-22,2.970000,3.000000,2.900000,2.980000,2.817606,1505624
2015-03-23,2.990000,2.990000,2.950000,2.980000,2.817606,3396304
2015-03-24,2.990000,3.030000,2.980000,3.020000,2.855426,1679196
2015-03-25,3.000000,3.060000,2.950000,3.000000,2.836516,2188810
2015-03-26,2.970000,3.030000,2.960000,3.010000,2.845971,2678154
2015-03-29,3.010000,3.040000,2.945000,2.980000,2.817606,2046936
2015-03-30,3.010000,3.075000,3.010000,3.060000,2.893246,2774961
2015-03-31,3.050000,3.090000,2.990000,2.990000,2.827061,2017424
2015-04-01,3.000000,3.075000,3.000000,3.010000,2.845971,1655712
2015-04-07,3.010000,3.055000,2.990000,3.010000,2.845971,1628161
2015-04-08,3.000000,3.010000,2.970000,3.000000,2.836516,2075002
2015-04-09,3.000000,3.020000,2.980000,2.990000,2.827061,1035201
2015-04-10,3.000000,3.020000,2.970000,2.990000,2.827061,2146997
2015-04-13,2.980000,2.995000,2.900000,2.940000,2.779786,2084225
2015-04-14,2.940000,2.990000,2.920000,2.950000,2.789241,1689884
2015-04-15,2.940000,2.950000,2.860000,2.870000,2.713600,2398223
2015-04-16,2.900000,2.985000,2.890000,2.980000,2.817606,3123587
2015-04-17,2.980000,2.980000,2.930000,2.930000,2.770331,1480154
2015-04-20,2.870000,2.890000,2.830000,2.840000,2.685235,1937763
2015-04-21,2.880000,2.900000,2.850000,2.860000,2.704145,1682459
2015-04-22,2.860000,2.900000,2.790000,2.870000,2.713600,2274683
2015-04-23,2.880000,2.900000,2.860000,2.890000,2.732511,2891467
2015-04-24,2.840000,2.910000,2.840000,2.910000,2.751420,2265273
2015-04-27,2.920000,2.950000,2.920000,2.940000,2.779786,2536799
2015-04-28,2.940000,2.940000,2.880000,2.890000,2.732511,2299460
2015-04-29,2.900000,2.900000,2.840000,2.850000,2.694690,2818366
2015-04-30,2.810000,2.860000,2.800000,2.840000,2.685235,3672527
2015-05-01,2.840000,2.840000,2.780000,2.800000,2.647415,2012185
2015-05-04,2.800000,2.840000,2.770000,2.780000,2.628505,2151164
2015-05-05,2.780000,2.870000,2.780000,2.830000,2.675780,5454459
2015-05-06,2.790000,2.820000,2.770000,2.780000,2.628505,4120318
2015-05-07,2.750000,2.800000,2.750000,2.760000,2.609595,2659492
2015-05-08,2.790000,2.830000,2.770000,2.810000,2.656870,1520652
2015-05-11,2.850000,2.860000,2.810000,2.820000,2.666325,1387080
2015-05-12,2.820000,2.830000,2.760000,2.780000,2.628505,2138415
2015-05-13,2.800000,2.860000,2.790000,2.830000,2.675780,3239430
2015-05-14,2.810000,2.820000,2.770000,2.820000,2.666325,1890998
2015-05-15,2.870000,2.870000,2.820000,2.870000,2.713600,2066036
2015-05-18,2.880000,2.890000,2.800000,2.800000,2.647415,1686096
2015-05-19,2.780000,2.810000,2.750000,2.750000,2.600140,2503133
2015-05-20,2.750000,2.760000,2.685000,2.720000,2.571775,4462188
2015-05-21,2.710000,2.730000,2.710000,2.720000,2.571775,8648744
2015-05-22,2.710000,2.750000,2.710000,2.730000,2.581229,9630523
2015-05-25,2.740000,2.800000,2.740000,2.800000,2.647415,3089874
2015-05-26,2.800000,2.845000,2.790000,2.840000,2.685235,2293424
2015-05-27,2.800000,2.810000,2.780000,2.800000,2.647415,3932019
2015-05-28,2.820000,2.840000,2.775000,2.790000,2.637960,2709044
2015-05-29,2.800000,2.860000,2.785000,2.790000,2.637960,8361380
2015-06-01,2.800000,2.800000,2.730000,2.760000,2.609595,3171686
2015-06-02,2.760000,2.780000,2.730000,2.740000,2.590685,2274595
2015-06-03,2.710000,2.740000,2.660000,2.730000,2.581229,3632891
2015-06-04,2.730000,2.770000,2.720000,2.720000,2.571775,2488715
2015-06-05,2.700000,2.780000,2.700000,2.730000,2.581229,3101934
2015-06-09,2.730000,2.740000,2.700000,2.720000,2.571775,2946652
2015-06-10,2.700000,2.720000,2.670000,2.700000,2.552865,1622683
2015-06-11,2.720000,2.720000,2.670000,2.700000,2.552865,3333385
2015-06-12,2.700000,2.750000,2.700000,2.740000,2.590685,3320695
2015-06-15,2.730000,2.740000,2.690000,2.710000,2.562320,6225449
2015-06-16,2.700000,2.720000,2.670000,2.680000,2.533955,1635319
2015-06-17,2.700000,2.720000,2.660000,2.670000,2.524499,2628993
2015-06-18,2.650000,2.660000,2.580000,2.600000,2.458314,5158784
2015-06-19,2.610000,2.670000,2.595000,2.650000,2.505589,3921229
2015-06-22,2.650000,2.670000,2.630000,2.650000,2.505589,1934375
2015-06-23,2.670000,2.760000,2.660000,2.740000,2.590685,3599874
2015-06-24,2.780000,2.800000,2.740000,2.760000,2.609595,3974139
2015-06-25,2.760000,2.760000,2.700000,2.710000,2.562320,2893771
2015-06-26,2.650000,2.720000,2.650000,2.700000,2.552865,3001514
2015-06-29,2.650000,2.690000,2.620000,2.680000,2.533955,2934061
2015-06-30,2.630000,2.735000,2.630000,2.720000,2.571775,3385685
2015-07-01,2.730000,2.760000,2.710000,2.750000,2.600140,1197574
2015-07-02,2.740000,2.790000,2.730000,2.780000,2.628505,1952369
2015-07-03,2.760000,2.770000,2.690000,2.710000,2.562320,1766885
2015-07-06,2.670000,2.720000,2.650000,2.690000,2.543410,1554539
2015-07-07,2.700000,2.750000,2.680000,2.700000,2.552865,2086089
2015-07-08,2.690000,2.740000,2.690000,2.700000,2.552865,2887139
2015-07-09,2.670000,2.730000,2.635000,2.700000,2.552865,3000310
2015-07-10,2.710000,2.740000,2.695000,2.710000,2.562320,1871757
2015-07-13,2.670000,2.750000,2.660000,2.750000,2.600140,1486042
2015-07-14,2.770000,2.780000,2.750000,2.770000,2.619050,2692199
2015-07-15,2.770000,2.880000,2.770000,2.880000,2.723055,3033694
2015-07-16,2.920000,2.920000,2.810000,2.820000,2.666325,3776767
2015-07-17,2.840000,2.850000,2.765000,2.820000,2.666325,1722113
2015-07-20,2.810000,2.830000,2.720000,2.810000,2.656870,2632610
2015-07-21,2.810000,2.850000,2.780000,2.790000,2.637960,3373446
2015-07-22,2.780000,2.790000,2.720000,2.750000,2.600140,4867756
2015-07-23,2.750000,2.760000,2.715000,2.720000,2.571775,5046144
2015-07-24,2.710000,2.730000,2.690000,2.710000,2.562320,2934397
2015-07-27,2.690000,2.740000,2.690000,2.740000,2.590685,2030881
2015-07-28,2.700000,2.740000,2.690000,2.740000,2.590685,2419674
2015-07-29,2.750000,2.750000,2.680000,2.680000,2.533955,4495808
2015-07-30,2.700000,2.720000,2.690000,2.700000,2.552865,2436327
2015-07-31,2.730000,2.780000,2.710000,2.740000,2.590685,2954831
2015-08-03,2.750000,2.750000,2.710000,2.740000,2.590685,1442667
2015-08-04,2.710000,2.770000,2.710000,2.740000,2.590685,6545239
2015-08-05,2.750000,2.765000,2.710000,2.720000,2.571775,5471382
2015-08-06,2.720000,2.765000,2.715000,2.750000,2.600140,3432374
2015-08-07,2.730000,2.730000,2.680000,2.680000,2.533955,6958763
2015-08-10,2.680000,2.690000,2.650000,2.650000,2.505589,3476412
2015-08-11,2.650000,2.665000,2.615000,2.620000,2.477224,4061530
2015-08-12,2.620000,2.640000,2.585000,2.620000,2.477224,2273955
2015-08-13,2.610000,2.640000,2.580000,2.610000,2.467769,3286492
2015-08-14,2.600000,2.660000,2.585000,2.630000,2.486679,3014407
2015-08-17,2.640000,2.680000,2.630000,2.650000,2.505589,2360318
2015-08-18,2.670000,2.710000,2.660000,2.670000,2.524499,3603190
2015-08-19,2.720000,2.730000,2.710000,2.720000,2.571775,5314881
2015-08-20,2.700000,2.730000,2.680000,2.690000,2.543410,2216542
2015-08-21,2.680000,2.680000,2.560000,2.600000,2.458314,4785552
2015-08-24,2.550000,2.615000,2.530000,2.570000,2.429949,5628972
2015-08-25,2.520000,2.590000,2.440000,2.570000,2.429949,6912546
2015-08-26,2.520000,2.560000,2.510000,2.530000,2.392128,2395168
2015-08-27,2.570000,2.730000,2.550000,2.720000,2.571775,5042252
2015-08-28,2.750000,2.750000,2.650000,2.690000,2.543410,3502122
2015-08-31,2.650000,2.700000,2.640000,2.660000,2.515044,4584954
2015-09-01,2.650000,2.670000,2.640000,2.650000,2.505589,2998635
2015-09-02,2.620000,2.680000,2.610000,2.680000,2.533955,3701560
2015-09-03,2.700000,2.715000,2.650000,2.650000,2.505589,2087510
2015-09-04,2.650000,2.710000,2.645000,2.680000,2.533955,3722914
2015-09-07,2.720000,2.720000,2.655000,2.680000,2.533955,1646527
2015-09-08,2.720000,2.730000,2.660000,2.710000,2.562320,1957924
2015-09-09,2.660000,2.750000,2.660000,2.710000,2.562320,3409259
2015-09-10,2.630000,2.670000,2.500000,2.600000,2.492342,374562205
2015-09-11,2.620000,2.660000,2.590000,2.630000,2.521100,5125489
2015-09-14,2.650000,2.650000,2.590000,2.620000,2.511514,7179780
2015-09-15,2.630000,2.640000,2.580000,2.600000,2.492342,7050876
2015-09-16,2.620000,2.650000,2.610000,2.630000,2.521100,6068964
2015-09-17,2.630000,2.640000,2.620000,2.630000,2.521100,7197094
2015-09-18,2.640000,2.640000,2.570000,2.570000,2.463584,27568631
2015-09-21,2.560000,2.580000,2.530000,2.560000,2.453998,4950106
2015-09-22,2.590000,2.610000,2.580000,2.600000,2.492342,3857089
2015-09-23,2.580000,2.610000,2.570000,2.570000,2.463584,33881134
2015-09-24,2.600000,2.670000,2.590000,2.650000,2.540272,4263888
2015-09-25,2.670000,2.680000,2.610000,2.620000,2.511514,5363770
2015-09-28,2.600000,2.620000,2.560000,2.600000,2.492342,5308330
2015-09-29,2.560000,2.570000,2.500000,2.500000,2.396483,5844793
2015-09-30,2.500000,2.555000,2.500000,2.550000,2.444413,4963825
2015-10-01,2.570000,2.580000,2.545000,2.570000,2.463584,6903599
2015-10-02,2.540000,2.580000,2.520000,2.550000,2.444413,5561923
2015-10-04,2.540000,2.580000,2.540000,2.580000,2.473170,1734457
2015-10-05,2.600000,2.660000,2.580000,2.650000,2.540272,4796343
2015-10-06,2.650000,2.660000,2.620000,2.660000,2.549858,6535208
2015-10-07,2.660000,2.690000,2.610000,2.610000,2.501928,5877163
2015-10-08,2.630000,2.640000,2.570000,2.580000,2.473170,5189492
2015-10-11,2.570000,2.590000,2.530000,2.540000,2.434827,3682664
2015-10-12,2.540000,2.570000,2.530000,2.540000,2.434827,3234927
2015-10-13,2.540000,2.600000,2.540000,2.590000,2.482756,6237476
2015-10-14,2.630000,2.650000,2.600000,2.630000,2.521100,6478843
2015-10-15,2.650000,2.650000,2.620000,2.640000,2.530686,3237062
2015-10-18,2.650000,2.670000,2.635000,2.640000,2.530686,2928707
2015-10-19,2.630000,2.670000,2.620000,2.620000,2.511514,4176471
2015-10-20,2.610000,2.640000,2.590000,2.620000,2.511514,4019378
2015-10-21,2.600000,2.640000,2.600000,2.610000,2.501928,2825808
2015-10-22,2.660000,2.670000,2.650000,2.670000,2.559444,2613399
2015-10-25,2.670000,2.670000,2.630000,2.630000,2.521100,3238960
2015-10-26,2.650000,2.670000,2.640000,2.650000,2.540272,6547256
2015-10-27,2.670000,2.690000,2.630000,2.680000,2.569030,3501137
2015-10-28,2.700000,2.720000,2.660000,2.670000,2.559444,5541491
2015-10-29,2.660000,2.730000,2.660000,2.700000,2.588202,3365216
2015-11-01,2.710000,2.735000,2.680000,2.690000,2.578616,2350442
2015-11-02,2.720000,2.720000,2.660000,2.700000,2.588202,1858384
2015-11-03,2.710000,2.740000,2.700000,2.700000,2.588202,2019718
2015-11-04,2.730000,2.730000,2.660000,2.680000,2.569030,2385105
2015-11-05,2.700000,2.790000,2.680000,2.750000,2.636131,5882253
2015-11-08,2.760000,2.780000,2.720000,2.730000,2.616960,2953489
2015-11-09,2.720000,2.750000,2.700000,2.730000,2.616960,2965773
2015-11-10,2.740000,2.810000,2.720000,2.790000,2.674475,5086468
2015-11-11,2.800000,2.820000,2.770000,2.790000,2.674475,6652649
2015-11-12,2.780000,2.830000,2.760000,2.800000,2.684061,10509941
2015-11-15,2.780000,2.820000,2.750000,2.820000,2.703233,3815567
2015-11-16,2.840000,2.850000,2.770000,2.830000,2.712819,4308151
2015-11-17,2.800000,2.850000,2.790000,2.850000,2.731990,4343307
2015-11-18,2.860000,2.880000,2.820000,2.850000,2.731990,5006373
2015-11-19,2.850000,2.880000,2.810000,2.830000,2.712819,7842394
2015-11-22,2.830000,2.850000,2.820000,2.830000,2.712819,8120509
2015-11-23,2.700000,2.705000,2.575000,2.640000,2.530686,425652464
2015-11-24,2.670000,2.710000,2.620000,2.710000,2.597788,28183384
2015-11-25,2.720000,2.730000,2.685000,2.730000,2.616960,7288239
2015-11-26,2.750000,2.760000,2.720000,2.750000,2.636131,18400257
2015-11-29,2.760000,2.760000,2.680000,2.690000,2.578616,62124350
2015-11-30,2.710000,2.720000,2.685000,2.690000,2.578616,9432822
2015-12-01,2.690000,2.700000,2.620000,2.640000,2.530686,10650228
2015-12-02,2.610000,2.610000,2.490000,2.510000,2.406069,17842264
2015-12-03,2.490000,2.510000,2.450000,2.500000,2.396483,10867649
2015-12-06,2.520000,2.530000,2.380000,2.450000,2.348553,15737163
2015-12-07,2.410000,2.510000,2.410000,2.480000,2.377311,21338902
2015-12-08,2.480000,2.520000,2.460000,2.490000,2.386897,11056875
2015-12-09,2.500000,2.500000,2.450000,2.480000,2.377311,14542731
2015-12-10,2.500000,2.510000,2.430000,2.450000,2.348553,12630213
2015-12-13,2.400000,2.420000,2.380000,2.400000,2.300624,9397647
2015-12-14,2.400000,2.470000,2.390000,2.470000,2.367725,12383534
2015-12-15,2.470000,2.490000,2.415000,2.490000,2.386897,14191827
2015-12-16,2.550000,2.590000,2.520000,2.590000,2.482756,21010211
2015-12-17,2.580000,2.640000,2.550000,2.610000,2.501928,15277791
2015-12-20,2.600000,2.610000,2.520000,2.560000,2.453998,9002570
2015-12-21,2.590000,2.600000,2.565000,2.580000,2.473170,7778928
2015-12-22,2.550000,2.600000,2.550000,2.590000,2.482756,3556661
2015-12-23,2.600000,2.610000,2.570000,2.610000,2.501928,1585849
2015-12-27,2.610000,2.610000,2.610000,2.610000,2.501928,0
2015-12-28,2.610000,2.630000,2.590000,2.630000,2.521100,2959481
2015-12-29,2.640000,2.655000,2.620000,2.650000,2.540272,2951046
2015-12-30,2.660000,2.675000,2.640000,2.660000,2.549858,2924830
2016-01-03,2.660000,2.660000,2.640000,2.650000,2.540272,1955067
2016-01-04,2.650000,2.650000,2.580000,2.590000,2.482756,4755683
2016-01-05,2.570000,2.600000,2.560000,2.580000,2.473170,3904392
2016-01-06,2.580000,2.625000,2.560000,2.560000,2.453998,5172556
2016-01-07,2.530000,2.580000,2.530000,2.550000,2.444413,2804101
2016-01-10,2.500000,2.550000,2.500000,2.520000,2.415655,3539390
2016-01-11,2.540000,2.550000,2.500000,2.520000,2.415655,3453464
2016-01-12,2.520000,2.540000,2.510000,2.520000,2.415655,4445444
2016-01-13,2.500000,2.520000,2.460000,2.500000,2.396483,6290092
2016-01-14,2.520000,2.530000,2.470000,2.480000,2.377311,3369493
2016-01-17,2.410000,2.410000,2.330000,2.360000,2.262280,5555731
2016-01-18,2.330000,2.410000,2.325000,2.400000,2.300624,5316196
2016-01-19,2.390000,2.400000,2.265000,2.280000,2.185592,9818282
2016-01-20,2.350000,2.360000,2.250000,2.250000,2.156835,13521501
2016-01-21,2.280000,2.290000,2.230000,2.240000,2.147249,7091555
2016-01-24,2.270000,2.300000,2.255000,2.260000,2.166421,4125916
2016-01-26,2.260000,2.300000,2.220000,2.220000,2.128077,5516199
2016-01-27,2.220000,2.240000,2.170000,2.200000,2.108905,11622260
2016-01-28,2.170000,2.210000,2.120000,2.210000,2.118491,13041391
2016-01-31,2.230000,2.300000,2.230000,2.290000,2.195178,14525334
2016-02-01,2.270000,2.340000,2.270000,2.290000,2.195178,16163600
2016-02-02,2.280000,2.340000,2.255000,2.330000,2.233522,9184297
2016-02-03,2.310000,2.330000,2.240000,2.250000,2.156835,6662058
2016-02-04,2.240000,2.250000,2.200000,2.230000,2.137663,6255643
2016-02-07,2.200000,2.280000,2.190000,2.240000,2.147249,32037927
2016-02-08,2.200000,2.240000,2.160000,2.190000,2.099319,8846396
2016-02-09,2.190000,2.190000,2.120000,2.170000,2.080147,10642553
2016-02-10,2.180000,2.220000,2.170000,2.210000,2.118491,7346258
2016-02-11,2.220000,2.220000,2.150000,2.150000,2.060976,4412162
2016-02-14,2.200000,2.200000,2.150000,2.180000,2.089733,3317156
2016-02-15,2.190000,2.210000,2.150000,2.170000,2.080147,7828042
2016-02-16,2.200000,2.230000,2.170000,2.210000,2.118491,9318946
2016-02-17,2.250000,2.310000,2.230000,2.300000,2.204764,8609715
2016-02-18,2.300000,2.310000,2.270000,2.290000,2.195178,7565863
2016-02-21,2.280000,2.290000,2.240000,2.250000,2.156835,4518696
2016-02-22,2.390000,2.410000,2.295000,2.360000,2.262280,20915329
2016-02-23,2.400000,2.440000,2.370000,2.400000,2.300624,21823248
2016-02-24,2.440000,2.460000,2.410000,2.440000,2.338968,14334756
2016-02-25,2.430000,2.470000,2.410000,2.460000,2.358139,12538307
2016-02-28,2.480000,2.530000,2.430000,2.480000,2.377311,11201102
2016-02-29,2.470000,2.500000,2.450000,2.480000,2.377311,12387005
2016-03-01,2.490000,2.510000,2.470000,2.490000,2.386897,15387647
2016-03-02,2.510000,2.550000,2.480000,2.550000,2.444413,17386848
2016-03-03,2.510000,2.560000,2.490000,2.540000,2.434827,5510771
2016-03-06,2.570000,2.570000,2.485000,2.500000,2.396483,7378892
2016-03-07,2.520000,2.565000,2.470000,2.550000,2.444413,11495063
2016-03-08,2.510000,2.550000,2.490000,2.500000,2.429834,9209252
2016-03-09,2.510000,2.540000,2.470000,2.480000,2.410395,3774949
2016-03-10,2.500000,2.510000,2.470000,2.500000,2.429834,17132646
2016-03-13,2.510000,2.550000,2.480000,2.530000,2.458992,3278905
2016-03-14,2.540000,2.550000,2.510000,2.530000,2.458992,6656528
2016-03-15,2.520000,2.570000,2.510000,2.550000,2.478430,7702554
2016-03-16,2.530000,2.570000,2.510000,2.550000,2.478430,10909886
2016-03-17,2.580000,2.580000,2.540000,2.580000,2.507588,9407743
2016-03-20,2.580000,2.615000,2.560000,2.600000,2.527027,5352065
2016-03-21,2.590000,2.645000,2.580000,2.630000,2.556185,10845145
2016-03-22,2.620000,2.650000,2.600000,2.620000,2.546466,7728513
2016-03-23,2.600000,2.680000,2.600000,2.620000,2.546466,4454325
2016-03-28,2.620000,2.650000,2.590000,2.610000,2.536746,12111307
2016-03-29,2.650000,2.650000,2.600000,2.610000,2.536746,3826572
2016-03-30,2.600000,2.660000,2.600000,2.660000,2.585343,4636620
2016-03-31,2.640000,2.650000,2.570000,2.590000,2.517308,5406842
2016-04-04,2.590000,2.660000,2.590000,2.620000,2.546466,4312831
2016-04-05,2.610000,2.630000,2.580000,2.610000,2.536746,3956188
2016-04-06,2.590000,2.690000,2.590000,2.690000,2.614501,6068364
2016-04-07,2.690000,2.690000,2.645000,2.660000,2.585343,4851624
2016-04-08,2.610000,2.660000,2.610000,2.630000,2.556185,4327041
2016-04-11,2.620000,2.660000,2.610000,2.660000,2.585343,3584651
2016-04-12,2.660000,2.690000,2.620000,2.670000,2.595062,4499474
2016-04-13,2.670000,2.680000,2.640000,2.660000,2.585343,3560167
2016-04-14,2.640000,2.720000,2.640000,2.720000,2.643659,8862642
2016-04-15,2.710000,2.720000,2.690000,2.700000,2.624220,4846768
2016-04-18,2.700000,2.730000,2.680000,2.700000,2.624220,6243365
2016-04-19,2.730000,2.740000,2.690000,2.710000,2.633940,5893739
2016-04-20,2.710000,2.730000,2.700000,2.710000,2.633940,3347292
2016-04-21,2.740000,2.770000,2.735000,2.760000,2.682536,10579237
2016-04-22,2.750000,2.770000,2.730000,2.760000,2.682536,4216827
2016-04-26,2.760000,2.775000,2.730000,2.750000,2.672817,4660019
2016-04-27,2.750000,2.765000,2.700000,2.750000,2.672817,4694357
2016-04-28,2.760000,2.760000,2.690000,2.710000,2.633940,3014036
2016-04-29,2.700000,2.740000,2.680000,2.720000,2.643659,3819696
2016-05-02,2.730000,2.800000,2.720000,2.770000,2.692256,6861228
2016-05-03,2.800000,2.810000,2.740000,2.770000,2.692256,7655723
2016-05-04,2.820000,2.820000,2.770000,2.800000,2.721414,5794362
2016-05-05,2.810000,2.810000,2.750000,2.770000,2.692256,2626178
2016-05-06,2.720000,2.740000,2.700000,2.740000,2.663098,7298055
2016-05-09,2.740000,2.770000,2.730000,2.750000,2.672817,3421365
2016-05-10,2.770000,2.800000,2.740000,2.800000,2.721414,5959445
2016-05-11,2.840000,2.850000,2.790000,2.800000,2.721414,5155678
2016-05-12,2.790000,2.800000,2.770000,2.780000,2.701975,3674314
2016-05-13,2.810000,2.880000,2.810000,2.830000,2.750572,8088296
2016-05-16,2.840000,2.895000,2.830000,2.850000,2.770010,6481276
2016-05-17,2.890000,2.890000,2.840000,2.840000,2.760291,4215586
2016-05-18,2.830000,2.850000,2.780000,2.780000,2.701975,11502508
2016-05-19,2.810000,2.830000,2.760000,2.760000,2.682536,3947082
2016-05-20,2.770000,2.860000,2.770000,2.850000,2.770010,12513718
2016-05-23,2.850000,2.880000,2.830000,2.870000,2.789449,5251936
2016-05-24,2.850000,2.920000,2.840000,2.920000,2.838046,12122523
2016-05-25,2.930000,3.000000,2.900000,2.960000,2.876923,7271119
2016-05-26,2.950000,3.000000,2.945000,3.000000,2.915801,7213893
2016-05-27,2.990000,3.055000,2.975000,3.000000,2.915801,5997414
2016-05-30,3.000000,3.005000,2.945000,3.000000,2.915801,4019914
2016-05-31,3.000000,3.000000,2.955000,3.000000,2.915801,25225790
2016-06-01,2.950000,2.990000,2.945000,2.950000,2.867204,9397600
2016-06-02,2.950000,2.970000,2.905000,2.910000,2.828327,4513772
2016-06-03,2.910000,2.950000,2.900000,2.930000,2.847765,5262227
2016-06-06,2.910000,2.950000,2.890000,2.900000,2.818607,4920937
2016-06-07,2.900000,2.915000,2.860000,2.870000,2.789449,8546621
2016-06-08,2.860000,2.900000,2.860000,2.880000,2.799169,4800412
2016-06-09,2.880000,2.900000,2.810000,2.810000,2.731133,6862611
2016-06-10,2.810000,2.850000,2.805000,2.820000,2.740852,3339854
2016-06-14,2.820000,2.820000,2.755000,2.770000,2.692256,6470808
2016-06-15,2.780000,2.830000,2.770000,2.770000,2.692256,6823066
2016-06-16,2.840000,2.850000,2.760000,2.780000,2.701975,6729155
2016-06-17,2.800000,2.800000,2.730000,2.770000,2.692256,5665475
2016-06-20,2.830000,2.840000,2.740000,2.770000,2.692256,4869491
2016-06-21,2.800000,2.830000,2.750000,2.830000,2.750572,5862478
2016-06-22,2.850000,2.850000,2.770000,2.780000,2.701975,2015617
2016-06-23,2.790000,2.815000,2.770000,2.790000,2.711694,1803794
2016-06-24,2.860000,2.860000,2.700000,2.720000,2.643659,5260337
2016-06-27,2.700000,2.770000,2.700000,2.740000,2.663098,5241709
2016-06-28,2.700000,2.790000,2.680000,2.740000,2.663098,6147653
2016-06-29,2.790000,2.820000,2.760000,2.770000,2.692256,4461419
2016-06-30,2.830000,2.870000,2.820000,2.860000,2.779730,3801740
2016-07-01,2.880000,2.880000,2.820000,2.820000,2.740852,3246342
2016-07-04,2.860000,2.860000,2.810000,2.860000,2.779730,1769528
2016-07-05,2.880000,2.880000,2.820000,2.850000,2.770010,1979272
2016-07-06,2.840000,2.845000,2.760000,2.780000,2.701975,3278664
2016-07-07,2.800000,2.800000,2.760000,2.780000,2.701975,3792495
2016-07-08,2.780000,2.790000,2.740000,2.750000,2.672817,2520809
2016-07-11,2.800000,2.805000,2.770000,2.800000,2.721414,3102657
2016-07-12,2.800000,2.820000,2.790000,2.790000,2.711694,3388579
2016-07-13,2.820000,2.850000,2.790000,2.800000,2.721414,4681436
2016-07-14,2.830000,2.840000,2.800000,2.810000,2.731133,4298161
2016-07-15,2.830000,2.860000,2.810000,2.850000,2.770010,2336416
2016-07-18,2.850000,2.905000,2.830000,2.900000,2.818607,4966791
2016-07-19,2.910000,2.910000,2.860000,2.900000,2.818607,3071402
2016-07-20,2.920000,2.975000,2.910000,2.930000,2.847765,5143310
2016-07-21,3.000000,3.000000,2.960000,2.970000,2.886642,4195126
2016-07-22,2.980000,2.980000,2.940000,2.960000,2.876923,2958180
2016-07-25,2.980000,2.990000,2.960000,2.980000,2.896362,4365901
2016-07-26,2.990000,3.000000,2.955000,2.970000,2.886642,3313496
2016-07-27,3.000000,3.000000,2.920000,2.930000,2.847765,3295113
2016-07-28,2.910000,2.970000,2.910000,2.960000,2.876923,2801942
2016-07-29,2.980000,2.980000,2.925000,2.960000,2.876923,6973916
2016-08-01,2.980000,2.980000,2.900000,2.910000,2.828327,3704637
2016-08-02,2.890000,2.900000,2.820000,2.830000,2.750572,5413974
2016-08-03,2.800000,2.850000,2.780000,2.800000,2.721414,5846832
2016-08-04,2.800000,2.825000,2.790000,2.820000,2.740852,3833088
2016-08-05,2.820000,2.835000,2.800000,2.820000,2.740852,2223196
2016-08-08,2.850000,2.860000,2.780000,2.820000,2.740852,2492991
2016-08-09,2.820000,2.840000,2.785000,2.820000,2.740852,3939958
2016-08-10,2.830000,2.900000,2.805000,2.890000,2.808888,3891208
2016-08-11,2.870000,2.910000,2.850000,2.890000,2.808888,4678134
2016-08-12,2.940000,2.970000,2.890000,2.960000,2.876923,8283960
2016-08-15,2.940000,2.960000,2.920000,2.950000,2.867204,4300239
2016-08-16,2.950000,2.975000,2.930000,2.960000,2.876923,3248495
2016-08-17,2.960000,3.020000,2.920000,3.020000,2.935239,3927922
2016-08-18,2.990000,3.000000,2.950000,2.970000,2.886642,6024343
2016-08-19,3.000000,3.010000,2.950000,2.990000,2.906081,5647604
2016-08-22,3.000000,3.000000,2.860000,2.900000,2.818607,6954590
2016-08-23,2.900000,3.060000,2.880000,2.950000,2.867204,9202362
2016-08-24,3.000000,3.000000,2.895000,2.970000,2.886642,18739712
2016-08-25,2.970000,3.090000,2.960000,3.060000,2.974116,7817805
2016-08-26,3.060000,3.110000,3.040000,3.100000,3.012994,7141121
2016-08-29,3.050000,3.070000,3.025000,3.050000,2.964397,7800265
2016-08-30,3.100000,3.130000,3.050000,3.050000,2.964397,6140528
2016-08-31,3.060000,3.090000,3.040000,3.060000,2.974116,5796504
2016-09-01,3.060000,3.095000,3.050000,3.050000,2.964397,3496558
2016-09-02,3.050000,3.070000,2.970000,2.980000,2.896362,5895537
2016-09-05,3.000000,3.030000,2.950000,2.970000,2.886642,3143685
2016-09-06,3.000000,3.020000,2.990000,3.010000,2.925520,6001023
2016-09-07,3.020000,3.070000,3.010000,3.050000,2.964397,4452070
2016-09-08,3.040000,3.070000,3.005000,3.040000,2.954678,7101319
2016-09-09,3.050000,3.130000,3.030000,3.120000,3.032432,9317868
2016-09-12,3.070000,3.080000,3.020000,3.020000,2.935239,9468958
2016-09-13,3.040000,3.110000,2.980000,3.010000,2.963794,6777290
2016-09-14,3.010000,3.025000,2.980000,2.980000,2.934254,4776975
2016-09-15,2.970000,2.980000,2.945000,2.970000,2.924408,6291824
2016-09-16,3.000000,3.040000,2.970000,3.030000,2.983487,9151854
2016-09-19,3.030000,3.040000,2.985000,3.005000,2.958871,839216
2016-09-20,3.050000,3.060000,3.010000,3.050000,3.003180,4755533
2016-09-21,3.060000,3.090000,3.020000,3.050000,3.003180,6860393
2016-09-22,3.080000,3.100000,3.050000,3.060000,3.013026,4744210
2016-09-23,3.090000,3.110000,3.060000,3.110000,3.062259,4113174
2016-09-26,3.110000,3.120000,3.050000,3.050000,3.003180,3942542
2016-09-27,3.030000,3.110000,3.030000,3.100000,3.052412,3477518
2016-09-28,3.110000,3.150000,3.070000,3.140000,3.091798,4768675
2016-09-29,3.160000,3.170000,3.080000,3.090000,3.042566,5072747
2016-09-30,3.100000,3.130000,3.050000,3.070000,3.022873,4329680
2016-10-02,3.090000,3.120000,3.075000,3.100000,3.052412,1711771
2016-10-03,3.100000,3.120000,3.060000,3.110000,3.062259,3562576
2016-10-04,3.110000,3.120000,3.070000,3.090000,3.042566,4225529
2016-10-05,3.100000,3.105000,3.070000,3.090000,3.042566,4013752
2016-10-06,3.100000,3.110000,3.030000,3.030000,2.983487,4934934
2016-10-09,3.050000,3.070000,3.030000,3.030000,2.983487,8089765
2016-10-10,3.050000,3.050000,2.990000,3.000000,2.953947,3444950
2016-10-11,2.990000,3.000000,2.960000,2.990000,2.944101,5605563
2016-10-12,2.990000,2.990000,2.955000,2.960000,2.914562,4489253
2016-10-13,2.980000,2.990000,2.945000,2.950000,2.904715,3457055
2016-10-16,2.950000,2.960000,2.900000,2.900000,2.855483,3564626
2016-10-17,2.950000,2.960000,2.880000,2.930000,2.885022,5009689
2016-10-18,2.930000,2.960000,2.915000,2.960000,2.914562,4330253
2016-10-19,2.910000,2.960000,2.900000,2.930000,2.885022,4384224
2016-10-20,2.200000,2.550000,2.150000,2.380000,2.343465,64633806
2016-10-23,2.400000,2.405000,2.180000,2.240000,2.205614,44588061
2016-10-24,2.290000,2.330000,2.250000,2.280000,2.245000,33357554
2016-10-25,2.290000,2.290000,2.240000,2.250000,2.215461,14401877
2016-10-26,2.280000,2.330000,2.250000,2.270000,2.235153,15149013
2016-10-27,2.290000,2.290000,2.205000,2.220000,2.185921,14105301
2016-10-30,2.240000,2.245000,2.205000,2.210000,2.176075,9276792
2016-10-31,2.220000,2.230000,2.180000,2.200000,2.166228,6617348
2016-11-01,2.200000,2.200000,2.150000,2.160000,2.126842,8814988
2016-11-02,2.160000,2.210000,2.155000,2.190000,2.156382,8178328
2016-11-03,2.190000,2.200000,2.170000,2.190000,2.156382,6498323
2016-11-06,2.220000,2.230000,2.200000,2.210000,2.176075,5536193
2016-11-07,2.230000,2.320000,2.220000,2.310000,2.274539,12810997
2016-11-08,2.350000,2.430000,2.250000,2.290000,2.254846,21100608
2016-11-09,2.390000,2.410000,2.300000,2.320000,2.284386,11352533
2016-11-10,2.360000,2.365000,2.280000,2.330000,2.294232,6650966
2016-11-13,2.360000,2.360000,2.250000,2.280000,2.245000,6222266
2016-11-14,2.260000,2.290000,2.230000,2.250000,2.215461,6309243
2016-11-15,2.260000,2.280000,2.190000,2.200000,2.166228,9120691
2016-11-16,2.210000,2.250000,2.180000,2.250000,2.215461,10025953
2016-11-17,2.260000,2.260000,2.200000,2.230000,2.195768,5272520
2016-11-20,2.240000,2.245000,2.190000,2.200000,2.166228,10798275
2016-11-21,2.200000,2.220000,2.180000,2.190000,2.156382,6256879
2016-11-22,2.200000,2.250000,2.175000,2.230000,2.195768,6520724
2016-11-23,2.250000,2.310000,2.240000,2.290000,2.254846,7222899
2016-11-24,2.310000,2.330000,2.285000,2.290000,2.254846,4372670
2016-11-27,2.320000,2.340000,2.290000,2.320000,2.284386,4614263
2016-11-28,2.350000,2.350000,2.270000,2.300000,2.264693,8009155
2016-11-29,2.300000,2.310000,2.210000,2.250000,2.215461,28437485
2016-11-30,2.250000,2.270000,2.215000,2.260000,2.225307,8587459
2016-12-01,2.250000,2.270000,2.230000,2.230000,2.195768,6164568
2016-12-04,2.240000,2.250000,2.200000,2.210000,2.176075,5344281
2016-12-05,2.220000,2.245000,2.210000,2.230000,2.195768,3339602
2016-12-06,2.250000,2.290000,2.230000,2.280000,2.245000,6661228
2016-12-07,2.300000,2.300000,2.250000,2.270000,2.235153,6073095
2016-12-08,2.280000,2.325000,2.270000,2.290000,2.254846,6263050
2016-12-11,2.300000,2.315000,2.270000,2.300000,2.264693,6716464
2016-12-12,2.310000,2.320000,2.280000,2.300000,2.264693,5712977
2016-12-13,2.310000,2.310000,2.270000,2.300000,2.264693,6744932
2016-12-14,2.300000,2.310000,2.270000,2.290000,2.254846,6276884
2016-12-15,2.300000,2.300000,2.260000,2.290000,2.254846,13055929
2016-12-18,2.290000,2.300000,2.260000,2.270000,2.235153,7626948
2016-12-19,2.280000,2.280000,2.230000,2.270000,2.235153,7387019
2016-12-20,2.270000,2.290000,2.245000,2.250000,2.215461,5045467
2016-12-21,2.270000,2.280000,2.250000,2.260000,2.225307,9444062
2016-12-22,2.280000,2.280000,2.240000,2.240000,2.205614,2367614
2016-12-27,2.240000,2.330000,2.240000,2.320000,2.284386,6476137
2016-12-28,2.340000,2.340000,2.310000,2.310000,2.274539,5805697
2016-12-29,2.310000,2.320000,2.290000,2.290000,2.254846,3387494
2017-01-02,2.290000,2.370000,2.290000,2.320000,2.284386,6199524
2017-01-03,2.320000,2.340000,2.305000,2.330000,2.294232,3284037
2017-01-04,2.350000,2.380000,2.350000,2.360000,2.323772,3285884
2017-01-05,2.360000,2.450000,2.350000,2.370000,2.333618,5783607
2017-01-08,2.410000,2.450000,2.400000,2.440000,2.402544,8485947
2017-01-09,2.450000,2.460000,2.390000,2.400000,2.363158,9888301
2017-01-10,2.400000,2.410000,2.370000,2.380000,2.343465,5862288
2017-01-11,2.390000,2.400000,2.340000,2.350000,2.313925,4614523
2017-01-12,2.340000,2.385000,2.340000,2.370000,2.333618,5018170
2017-01-15,2.390000,2.400000,2.360000,2.370000,2.333618,2456417
2017-01-16,2.370000,2.370000,2.320000,2.320000,2.284386,3963398
2017-01-17,2.320000,2.340000,2.310000,2.320000,2.284386,3979875
2017-01-18,2.330000,2.330000,2.300000,2.320000,2.284386,3848465
2017-01-19,2.320000,2.330000,2.290000,2.290000,2.254846,4448457
2017-01-22,2.330000,2.330000,2.245000,2.260000,2.225307,15755780
2017-01-23,2.260000,2.290000,2.250000,2.280000,2.245000,8068834
2017-01-24,2.310000,2.310000,2.260000,2.260000,2.225307,5905453
2017-01-26,2.260000,2.310000,2.230000,2.250000,2.215461,7842427
2017-01-29,2.250000,2.260000,2.220000,2.230000,2.195768,5680608
2017-01-30,2.240000,2.245000,2.180000,2.190000,2.156382,9526142
2017-01-31,2.200000,2.210000,2.180000,2.200000,2.166228,9670525
2017-02-01,2.220000,2.240000,2.200000,2.230000,2.195768,5967416
2017-02-02,2.250000,2.280000,2.235000,2.260000,2.225307,11484912
2017-02-05,2.270000,2.280000,2.240000,2.260000,2.225307,7555539
2017-02-06,2.270000,2.290000,2.250000,2.270000,2.235153,11468616
2017-02-07,2.260000,2.320000,2.260000,2.300000,2.264693,9914981
2017-02-08,2.320000,2.350000,2.305000,2.330000,2.294232,7744638
2017-02-09,2.340000,2.360000,2.330000,2.340000,2.304079,5663425
2017-02-12,2.350000,2.400000,2.340000,2.370000,2.333618,5609848
2017-02-13,2.390000,2.390000,2.350000,2.360000,2.323772,4382043
2017-02-14,2.350000,2.380000,2.345000,2.360000,2.323772,5271064
2017-02-15,2.380000,2.390000,2.345000,2.370000,2.333618,5918538
2017-02-16,2.370000,2.370000,2.310000,2.330000,2.294232,7741394
2017-02-19,2.340000,2.340000,2.250000,2.280000,2.245000,10799603
2017-02-20,2.270000,2.270000,2.230000,2.240000,2.205614,13928927
2017-02-21,2.320000,2.430000,2.320000,2.370000,2.333618,28050759
2017-02-22,2.370000,2.380000,2.310000,2.320000,2.284386,8653979
2017-02-23,2.320000,2.370000,2.310000,2.330000,2.294232,10598999
2017-02-26,2.320000,2.340000,2.290000,2.290000,2.254846,10123684
2017-02-27,2.280000,2.280000,2.250000,2.250000,2.215461,18766040
2017-02-28,2.250000,2.260000,2.200000,2.210000,2.176075,19805990
2017-03-01,2.250000,2.265000,2.200000,2.240000,2.205614,8329990
2017-03-02,2.240000,2.280000,2.220000,2.270000,2.235153,6247370
2017-03-05,2.280000,2.290000,2.225000,2.250000,2.215461,6022632
2017-03-06,2.270000,2.290000,2.250000,2.280000,2.245000,6674492
2017-03-07,2.250000,2.260000,2.210000,2.210000,2.210000,11137928
2017-03-08,2.220000,2.250000,2.215000,2.240000,2.240000,5306411
2017-03-09,2.250000,2.265000,2.230000,2.260000,2.260000,7555319
2017-03-12,2.260000,2.265000,2.200000,2.230000,2.230000,10711107
2017-03-13,2.240000,2.250000,2.220000,2.240000,2.240000,4720036
2017-03-14,2.230000,2.230000,2.180000,2.210000,2.210000,9231301
2017-03-15,2.190000,2.235000,2.190000,2.230000,2.230000,7994809
2017-03-16,2.230000,2.235000,2.205000,2.230000,2.230000,4662418
2017-03-19,2.230000,2.240000,2.220000,2.220000,2.220000,3406645
2017-03-20,2.220000,2.230000,2.190000,2.200000,2.200000,16561099
2017-03-21,2.190000,2.200000,2.160000,2.160000,2.160000,6521884
2017-03-22,2.180000,2.180000,2.150000,2.170000,2.170000,7778980
2017-03-23,2.190000,2.195000,2.160000,2.190000,2.190000,9593215
2017-03-26,2.190000,2.210000,2.170000,2.200000,2.200000,7176686
2017-03-27,2.200000,2.240000,2.200000,2.240000,2.240000,6080680
2017-03-28,2.240000,2.250000,2.220000,2.240000,2.240000,7041941
2017-03-29,2.250000,2.280000,2.230000,2.280000,2.280000,5244331
2017-03-30,2.280000,2.300000,2.270000,2.270000,2.270000,4466450
2017-04-03,2.200000,2.220000,2.150000,2.180000,2.180000,19436994
2017-04-04,2.190000,2.215000,2.180000,2.190000,2.190000,6022139
2017-04-05,2.200000,2.210000,2.180000,2.200000,2.200000,6009679
2017-04-06,2.200000,2.230000,2.190000,2.220000,2.220000,7415783
2017-04-07,2.230000,2.250000,2.210000,2.220000,2.220000,5789072
2017-04-10,2.240000,2.250000,2.225000,2.240000,2.240000,3866222
2017-04-11,2.230000,2.260000,2.220000,2.230000,2.230000,6488464
2017-04-12,2.240000,2.250000,2.190000,2.210000,2.210000,5975772
2017-04-13,2.200000,2.220000,2.180000,2.190000,2.190000,5229204
2017-04-18,2.190000,2.190000,2.140000,2.150000,2.150000,9854813
2017-04-19,2.150000,2.205000,2.135000,2.200000,2.200000,7808278
2017-04-20,2.210000,2.220000,2.190000,2.220000,2.220000,4759978
2017-04-21,2.220000,2.220000,2.200000,2.210000,2.210000,3048683
2017-04-24,2.210000,2.235000,2.200000,2.230000,2.230000,3386333
2017-04-26,2.230000,2.240000,2.215000,2.220000,2.220000,4916978
2017-04-27,2.230000,2.230000,2.205000,2.220000,2.220000,5590012
2017-04-28,2.210000,2.230000,2.205000,2.210000,2.210000,4781848
2017-05-01,2.220000,2.230000,2.190000,2.190000,2.190000,9224328
2017-05-02,2.190000,2.200000,2.160000,2.180000,2.180000,8758553
2017-05-03,2.190000,2.220000,2.170000,2.180000,2.180000,5441506
2017-05-04,2.180000,2.200000,2.170000,2.190000,2.190000,4650872
2017-05-05,2.200000,2.200000,2.140000,2.150000,2.150000,7056029
2017-05-08,2.180000,2.190000,2.160000,2.170000,2.170000,8765334
2017-05-09,2.190000,2.210000,2.180000,2.200000,2.200000,7020298
2017-05-10,2.220000,2.250000,2.210000,2.240000,2.240000,8081624
2017-05-11,2.250000,2.280000,2.250000,2.280000,2.280000,6693874
2017-05-12,2.250000,2.260000,2.210000,2.220000,2.220000,8158589
2017-05-15,2.200000,2.220000,2.170000,2.170000,2.170000,4691460
2017-05-16,2.190000,2.205000,2.170000,2.190000,2.190000,4201263
2017-05-17,2.190000,2.210000,2.155000,2.170000,2.170000,14643026
2017-05-18,2.150000,2.150000,2.100000,2.120000,2.120000,17307048
2017-05-19,2.130000,2.130000,2.060000,2.110000,2.110000,11103287
2017-05-22,2.110000,2.140000,2.095000,2.110000,2.110000,9627010
2017-05-23,2.100000,2.115000,2.090000,2.110000,2.110000,8741549
2017-05-24,2.110000,2.120000,2.080000,2.100000,2.100000,8244381
2017-05-25,2.100000,2.110000,2.070000,2.090000,2.090000,6389335
2017-05-26,2.100000,2.100000,2.065000,2.070000,2.070000,6315757
2017-05-29,2.050000,2.050000,1.975000,2.000000,2.000000,18880064
2017-05-30,2.000000,2.010000,1.970000,1.990000,1.990000,9941187
2017-05-31,1.995000,2.040000,1.985000,2.020000,2.020000,8128561
2017-06-01,2.020000,2.140000,2.020000,2.140000,2.140000,12978603
2017-06-02,2.150000,2.155000,2.110000,2.120000,2.120000,4784615
2017-06-05,2.110000,2.130000,2.090000,2.090000,2.090000,4610233
2017-06-06,2.080000,2.090000,2.060000,2.070000,2.070000,4407065
2017-06-07,2.060000,2.125000,2.050000,2.110000,2.110000,7823638
2017-06-08,2.100000,2.120000,2.090000,2.100000,2.100000,6821328
2017-06-09,2.090000,2.115000,2.080000,2.100000,2.100000,4416233
2017-06-13,2.100000,2.130000,2.090000,2.130000,2.130000,6570077
2017-06-14,2.140000,2.190000,2.140000,2.190000,2.190000,8005631
2017-06-15,2.210000,2.230000,2.180000,2.190000,2.190000,13412982
2017-06-16,2.190000,2.230000,2.180000,2.220000,2.220000,10961556
2017-06-19,2.230000,2.240000,2.210000,2.230000,2.230000,7059953
2017-06-20,2.210000,2.220000,2.170000,2.170000,2.170000,7710771
2017-06-21,2.170000,2.190000,2.150000,2.180000,2.180000,8347264
2017-06-22,2.150000,2.160000,2.120000,2.140000,2.140000,10331333
2017-06-23,2.130000,2.175000,2.110000,2.170000,2.170000,12554383
2017-06-26,2.170000,2.180000,2.150000,2.160000,2.160000,6034643
2017-06-27,2.170000,2.170000,2.135000,2.150000,2.150000,4436999
2017-06-28,2.150000,2.200000,2.150000,2.200000,2.200000,7020394
2017-06-29,2.220000,2.230000,2.190000,2.230000,2.230000,18866142
2017-06-30,2.190000,2.220000,2.185000,2.210000,2.210000,9954396
2017-07-03,2.200000,2.205000,2.160000,2.160000,2.160000,5955096
2017-07-04,2.180000,2.210000,2.170000,2.210000,2.210000,3254434
2017-07-05,2.200000,2.205000,2.165000,2.170000,2.170000,7385985
2017-07-06,2.190000,2.200000,2.180000,2.190000,2.190000,12211836
2017-07-07,2.170000,2.180000,2.130000,2.130000,2.130000,8021352
2017-07-10,2.130000,2.170000,2.130000,2.130000,2.130000,6515730
2017-07-11,2.150000,2.160000,2.120000,2.130000,2.130000,5233819
2017-07-12,2.120000,2.130000,2.100000,2.100000,2.100000,5687883
2017-07-13,2.120000,2.150000,2.110000,2.140000,2.140000,4750003
2017-07-14,2.150000,2.180000,2.150000,2.180000,2.180000,3320192
2017-07-17,2.160000,2.170000,2.150000,2.150000,2.150000,3764698
2017-07-18,2.170000,2.170000,2.130000,2.140000,2.140000,6246528
2017-07-19,2.140000,2.145000,2.110000,2.140000,2.140000,5347576
2017-07-20,2.150000,2.160000,2.120000,2.140000,2.140000,6962506
2017-07-21,2.130000,2.145000,2.115000,2.120000,2.120000,4006753
2017-07-24,2.120000,2.130000,2.100000,2.110000,2.110000,4482451
2017-07-25,2.100000,2.120000,2.100000,2.110000,2.110000,3977696
2017-07-26,2.130000,2.150000,2.100000,2.110000,2.110000,5895518
2017-07-27,2.130000,2.130000,2.100000,2.120000,2.120000,5164893
2017-07-28,2.110000,2.120000,2.070000,2.080000,2.080000,4611147
2017-07-31,2.080000,2.090000,2.050000,2.080000,2.080000,5420689
2017-08-01,2.070000,2.110000,2.065000,2.090000,2.090000,5389190
2017-08-02,2.110000,2.160000,2.105000,2.140000,2.140000,11653998
2017-08-03,2.140000,2.160000,2.125000,2.140000,2.140000,5636768
2017-08-04,2.140000,2.160000,2.140000,2.160000,2.160000,6753398
2017-08-07,2.170000,2.200000,2.165000,2.190000,2.190000,4100334
2017-08-08,2.200000,2.210000,2.150000,2.170000,2.170000,5580242
2017-08-09,2.160000,2.200000,2.155000,2.170000,2.170000,4528058
2017-08-10,2.170000,2.180000,2.150000,2.150000,2.150000,3002288
2017-08-11,2.150000,2.175000,2.130000,2.160000,2.160000,4014686
2017-08-14,2.170000,2.190000,2.160000,2.190000,2.190000,2734418
2017-08-15,2.170000,2.190000,2.170000,2.180000,2.180000,7459120
2017-08-16,2.180000,2.200000,2.155000,2.170000,2.170000,5582752
2017-08-17,2.180000,2.200000,2.170000,2.190000,2.190000,5335047
2017-08-18,2.160000,2.175000,2.150000,2.170000,2.170000,3557700
2017-08-21,2.160000,2.170000,2.130000,2.140000,2.140000,2624032
2017-08-22,2.150000,2.190000,2.140000,2.190000,2.190000,4365926
2017-08-23,1.830000,1.915000,1.800000,1.855000,1.855000,40105431
2017-08-24,1.840000,1.845000,1.740000,1.785000,1.785000,69054583
2017-08-25,1.785000,1.827500,1.785000,1.800000,1.800000,81093803
2017-08-28,1.810000,1.810000,1.747000,1.755000,1.755000,15525474
