2014-08-12,1.785270,1.950060,1.785270,1.922600,1.787428,2942587
2014-08-13,1.885980,1.922600,1.858510,1.922600,1.787428,949260
2014-08-14,1.931750,1.931750,1.876820,1.922600,1.787428,270872
2014-08-15,1.922600,1.940910,1.913440,1.931750,1.795935,391696
2014-08-18,1.931750,1.931750,1.895130,1.904290,1.770405,61344
2014-08-19,1.895130,1.895130,1.867660,1.885980,1.753383,124703
2014-08-20,1.885980,1.885980,1.831040,1.831040,1.702305,167394
2014-08-21,1.812730,1.849350,1.803580,1.840200,1.710822,170058
2014-08-22,1.867660,1.867660,1.831040,1.849350,1.719328,77604
2014-08-25,1.840200,1.840200,1.831040,1.831040,1.702305,239229
2014-08-26,1.831040,1.840200,1.831040,1.831040,1.702305,81981
2014-08-27,1.831040,1.831040,1.821890,1.821890,1.693799,529864
2014-08-28,1.821890,1.831040,1.821890,1.831040,1.702305,145813
2014-08-29,1.831040,1.858510,1.831040,1.858510,1.727844,569097
2014-09-01,1.858510,1.876820,1.858510,1.876820,1.744867,419007
2014-09-02,1.876820,1.931750,1.876820,1.931750,1.795935,516741
2014-09-03,1.931750,1.977530,1.931750,1.968370,1.829980,409125
2014-09-04,1.940910,1.968370,1.940910,1.940910,1.804451,92967
2014-09-05,1.959220,1.968370,1.950060,1.968370,1.829980,65356
2014-09-08,1.968370,1.968370,1.950060,1.959220,1.821474,162918
2014-09-09,1.940910,1.950060,1.922600,1.950060,1.812958,244065
2014-09-10,1.950060,1.950060,1.922600,1.931750,1.795935,69592
2014-09-11,1.913440,1.922600,1.913440,1.922600,1.787428,49783
2014-09-12,1.922600,1.922600,1.922600,1.922600,1.787428,49765
2014-09-15,1.922600,1.931750,1.913440,1.931750,1.795935,58607
2014-09-16,1.922600,1.931750,1.904290,1.931750,1.795935,141055
2014-09-17,1.931750,1.931750,1.895130,1.913440,1.778912,85856
2014-09-18,1.904290,1.913440,1.904290,1.913440,1.778912,24550
2014-09-19,1.913440,1.913440,1.904290,1.904290,1.770405,17551
2014-09-22,1.904290,1.913440,1.876820,1.876820,1.744867,189199
2014-09-23,1.876820,1.885980,1.849350,1.885980,1.753383,105803
2014-09-24,1.904290,1.922600,1.876820,1.922600,1.787428,217017
2014-09-25,1.895130,1.922600,1.895130,1.922600,1.787428,116054
2014-09-26,1.904290,1.904290,1.904290,1.904290,1.770405,934
2014-09-29,1.849350,1.895130,1.849350,1.895130,1.761890,69859
2014-09-30,1.876820,1.895130,1.867660,1.885980,1.753383,84203
2014-10-01,1.895130,1.895130,1.876820,1.876820,1.744867,70528
2014-10-02,1.876820,1.876820,1.858510,1.876820,1.744867,71245
2014-10-03,1.867660,1.867660,1.867660,1.867660,1.736351,28
2014-10-05,1.840200,1.840200,1.840200,1.840200,1.710822,84
2014-10-06,1.840200,1.885980,1.831040,1.849350,1.719328,122659
2014-10-07,1.831040,1.849350,1.831040,1.840200,1.710822,74946
2014-10-08,1.831040,1.835620,1.812730,1.826470,1.698057,92501
2014-10-09,1.812730,1.840200,1.794420,1.840200,1.710822,54950
2014-10-12,1.821890,1.831040,1.812730,1.831040,1.702305,29910
2014-10-13,1.831040,1.831040,1.831040,1.831040,1.702305,10923
2014-10-14,1.794420,1.803580,1.794420,1.794420,1.668260,26821
2014-10-15,1.794420,1.794420,1.766960,1.794420,1.668260,48707
2014-10-16,1.794420,1.812730,1.794420,1.794420,1.668260,346826
2014-10-19,1.794420,1.831040,1.794420,1.821890,1.693799,56853
2014-10-20,1.794420,1.794420,1.762380,1.794420,1.668260,31203
2014-10-21,1.794420,1.799000,1.744070,1.776110,1.651237,85740
2014-10-22,1.762380,1.762380,1.707450,1.712030,1.591663,56205
2014-10-23,1.739490,1.771540,1.721180,1.739490,1.617192,234232
2014-10-26,1.739490,1.741780,1.730340,1.739490,1.617192,17428
2014-10-27,1.739490,1.748650,1.721180,1.739490,1.617192,110750
2014-10-28,1.739490,1.785270,1.739490,1.757800,1.634215,18339
2014-10-29,1.785270,1.794420,1.785270,1.794420,1.668260,104603
2014-10-30,1.785270,1.803580,1.785270,1.803580,1.676776,40345
2014-11-02,1.831040,1.831040,1.785270,1.785270,1.659753,43447
2014-11-03,1.785270,1.785270,1.785270,1.785270,1.659753,22006
2014-11-04,1.785270,1.785270,1.785270,1.785270,1.659753,0
2014-11-05,1.762380,1.762380,1.748650,1.757800,1.634215,99553
2014-11-06,1.766960,1.803580,1.766960,1.803580,1.676776,30851
2014-11-09,1.799000,1.803580,1.799000,1.803580,1.676776,21388
2014-11-10,1.803580,1.803580,1.803580,1.803580,1.676776,0
2014-11-11,1.776110,1.794420,1.776110,1.794420,1.668260,80680
2014-11-12,1.794420,1.794420,1.785270,1.785270,1.659753,10175
2014-11-13,1.785270,1.785270,1.785270,1.785270,1.659753,0
2014-11-16,1.785270,1.785270,1.785270,1.785270,1.659753,5080
2014-11-17,1.780690,1.780690,1.780690,1.780690,1.655495,1640981
2014-11-18,1.780690,1.780690,1.780690,1.780690,1.655495,0
2014-11-19,1.780690,1.780690,1.780690,1.780690,1.655495,0
2014-11-20,1.730340,1.771540,1.730340,1.771540,1.646989,240
2014-11-23,1.730340,1.780690,1.730340,1.766960,1.642731,60681
2014-11-24,1.730340,1.739490,1.721180,1.739490,1.617192,78876
2014-11-25,1.707450,1.721180,1.707450,1.721180,1.600169,779202
2014-11-26,1.721180,1.721180,1.721180,1.721180,1.600169,0
2014-11-27,1.707450,1.721180,1.689140,1.721180,1.600169,67300
2014-11-30,1.721180,1.721180,1.721180,1.721180,1.600169,0
2014-12-01,1.721180,1.721180,1.721180,1.721180,1.600169,0
2014-12-02,1.721180,1.721180,1.721180,1.721180,1.600169,0
2014-12-03,1.675410,1.689140,1.643360,1.689140,1.570382,55519
2014-12-04,1.689140,1.689140,1.689140,1.689140,1.570382,0
2014-12-07,1.647940,1.657090,1.647940,1.657090,1.540585,11324
2014-12-08,1.547230,1.629630,1.547230,1.629630,1.515056,24674
2014-12-09,1.629630,1.629630,1.629630,1.629630,1.515056,0
2014-12-10,1.556390,1.620470,1.547230,1.620470,1.506540,68677
2014-12-11,1.620470,1.620470,1.620470,1.620470,1.506540,0
2014-12-14,1.620470,1.620470,1.602160,1.602160,1.489517,5461
2014-12-15,1.602160,1.602160,1.602160,1.602160,1.489517,0
2014-12-16,1.583850,1.602160,1.583850,1.602160,1.489517,1092
2014-12-17,1.602160,1.602160,1.583850,1.597590,1.485269,95574
2014-12-18,1.556390,1.574700,1.547230,1.574700,1.463988,26728
2014-12-21,1.693720,1.693720,1.647940,1.693720,1.574640,11141
2014-12-22,1.693720,1.693720,1.693720,1.693720,1.574640,0
2014-12-23,1.693720,1.693720,1.693720,1.693720,1.574640,0
2014-12-28,1.693720,1.693720,1.693720,1.693720,1.574640,0
2014-12-29,1.579280,1.684560,1.570120,1.684560,1.566124,33424
2014-12-30,1.684560,1.684560,1.684560,1.684560,1.566124,0
2015-01-01,1.684560,1.684560,1.684560,1.684560,1.566124,0
2015-01-04,1.611320,1.679980,1.611320,1.679980,1.561866,98175
2015-01-05,1.652520,1.679980,1.652520,1.679980,1.561866,1654
2015-01-06,1.679980,1.679980,1.679980,1.679980,1.561866,0
2015-01-07,1.679980,1.679980,1.679980,1.679980,1.561866,0
2015-01-08,1.679980,1.679980,1.679980,1.679980,1.561866,0
2015-01-11,1.620470,1.679980,1.620470,1.679980,1.561866,34839
2015-01-12,1.602160,1.647940,1.602160,1.647940,1.532079,11034
2015-01-13,1.629630,1.629630,1.629630,1.629630,1.515056,8738
2015-01-14,1.647940,1.647940,1.647940,1.647940,1.532079,55
2015-01-15,1.602160,1.647940,1.602160,1.647940,1.532079,1057
2015-01-18,1.602160,1.647940,1.574700,1.647940,1.532079,12129
2015-01-19,1.574700,1.574700,1.574700,1.574700,1.463988,48797
2015-01-20,1.574700,1.647940,1.574700,1.647940,1.532079,4929
2015-01-21,1.583850,1.602160,1.583850,1.602160,1.489517,990
2015-01-22,1.583850,1.583850,1.574700,1.574700,1.463988,11113
2015-01-26,1.574700,1.647940,1.556390,1.638780,1.523563,44793
2015-01-27,1.638780,1.689140,1.638780,1.689140,1.570382,9976
2015-01-28,1.638780,1.702870,1.638780,1.693720,1.574640,49476
2015-01-29,1.693720,1.693720,1.684560,1.693720,1.574640,13655
2015-02-01,1.693720,1.698290,1.693720,1.698290,1.578889,278619
2015-02-02,1.698290,1.698290,1.666250,1.689140,1.570382,16669
2015-02-03,1.689140,1.702870,1.689140,1.702870,1.583147,33096
2015-02-04,1.702870,1.702870,1.647940,1.647940,1.532079,21826
2015-02-05,1.657090,1.734910,1.638780,1.734910,1.612934,171308
2015-02-08,1.734910,1.785270,1.734910,1.785270,1.659753,53710
2015-02-09,1.785270,1.831040,1.785270,1.812730,1.685283,215513
2015-02-10,1.812730,1.812730,1.812730,1.812730,1.685283,0
2015-02-11,1.812730,1.812730,1.812730,1.812730,1.685283,0
2015-02-12,1.812730,1.812730,1.812730,1.812730,1.685283,0
2015-02-15,1.757800,1.771540,1.739490,1.739490,1.617192,23689
2015-02-16,1.766960,1.766960,1.748650,1.748650,1.625708,51183
2015-02-17,1.739490,1.748650,1.739490,1.748650,1.625708,16547
2015-02-18,1.748650,1.785270,1.748650,1.785270,1.659753,82697
2015-02-19,1.785270,1.812730,1.785270,1.812730,1.685283,70436
2015-02-22,1.794420,1.812730,1.785270,1.812730,1.685283,11556
2015-02-23,1.812730,1.812730,1.812730,1.812730,1.685283,0
2015-02-24,1.812730,1.876820,1.812730,1.831040,1.702305,198032
2015-02-25,1.831040,1.977530,1.831040,1.959220,1.821474,125180
2015-02-26,2.014150,2.105700,2.014150,2.032460,1.889564,448037
2015-03-01,2.105700,2.105700,1.959220,1.959220,1.821474,41618
2015-03-02,1.959220,2.004990,1.950060,1.950060,1.812958,40138
2015-03-03,1.895130,2.004990,1.895130,1.959220,1.867440,13326
2015-03-04,1.995840,1.995840,1.913440,1.968370,1.876161,9710
2015-03-05,1.968370,1.968370,1.913440,1.968370,1.876161,12580
2015-03-08,1.940910,1.940910,1.867660,1.867660,1.780169,69476
2015-03-09,1.867660,1.950060,1.867660,1.950060,1.858709,25759
2015-03-10,1.950060,1.950060,1.950060,1.950060,1.858709,0
2015-03-11,1.977530,2.041610,1.977530,1.977530,1.884892,14711
2015-03-12,2.023300,2.041610,2.023300,2.041610,1.945970,750476
2015-03-15,2.041610,2.105700,2.032460,2.105700,2.007058,16652
2015-03-16,2.288810,2.380360,2.288810,2.334580,2.225216,53780
2015-03-17,2.380360,2.508530,2.380360,2.471910,2.356113,59784
2015-03-18,2.426130,2.471910,2.416980,2.471910,2.356113,49449
2015-03-19,2.471910,2.471910,2.389510,2.426130,2.312478,27073
2015-03-22,2.426130,2.471910,2.380360,2.380360,2.268852,57711
2015-03-23,2.398670,2.398670,2.288810,2.380360,2.268852,14156
2015-03-24,2.307120,2.380360,2.288810,2.380360,2.268852,26899
2015-03-25,2.343740,2.398670,2.334580,2.398670,2.286304,43777
2015-03-26,2.389510,2.389510,2.334580,2.380360,2.268852,13343
2015-03-29,2.334580,2.380360,2.334580,2.380360,2.268852,1086
2015-03-30,2.380360,2.380360,2.243030,2.352890,2.242668,24708
2015-03-31,2.334580,2.334580,2.288810,2.288810,2.181590,10641
2015-04-01,2.316270,2.334580,2.316270,2.334580,2.225216,13038
2015-04-07,2.334580,2.334580,2.261340,2.334580,2.225216,11622
2015-04-08,2.334580,2.334580,2.261340,2.334580,2.225216,3021
2015-04-09,2.334580,2.334580,2.325430,2.325430,2.216495,79
2015-04-10,2.316270,2.325430,2.316270,2.316270,2.207764,11475
2015-04-13,2.316270,2.325430,2.297960,2.316270,2.207764,16312
2015-04-14,2.316270,2.325430,2.288810,2.288810,2.181590,17588
2015-04-15,2.288810,2.288810,2.279650,2.288810,2.181590,30492
2015-04-16,2.316270,2.444440,2.316270,2.444440,2.329930,430545
2015-04-17,2.462750,2.563460,2.462750,2.563460,2.443374,101550
2015-04-20,2.554310,2.563460,2.462750,2.462750,2.347382,24612
2015-04-21,2.453600,2.471910,2.426130,2.435290,2.321208,53102
2015-04-22,2.471910,2.517690,2.462750,2.462750,2.347382,12054
2015-04-23,2.536000,2.545150,2.435290,2.545150,2.425922,59014
2015-04-24,2.545150,2.563460,2.481060,2.545150,2.425922,21445
2015-04-27,2.545150,2.545150,2.490220,2.517690,2.399748,28840
2015-04-28,2.517690,2.536000,2.444440,2.444440,2.329930,26844
2015-04-29,2.471910,2.471910,2.334580,2.334580,2.225216,74021
2015-04-30,2.334580,2.398670,2.334580,2.398670,2.286304,336651
2015-05-01,2.453600,2.462750,2.435290,2.453600,2.338660,10344
2015-05-04,2.435290,2.462750,2.435290,2.462750,2.347382,38262
2015-05-05,2.462750,2.471910,2.462750,2.471910,2.356113,15961
2015-05-06,2.462750,2.499380,2.462750,2.471910,2.356113,19664
2015-05-07,2.462750,2.471910,2.426130,2.462750,2.347382,98908
2015-05-08,2.462750,2.462750,2.462750,2.462750,2.347382,0
2015-05-11,2.444440,2.453600,2.444440,2.453600,2.338660,1108747
2015-05-12,2.462750,2.471910,2.435290,2.471910,2.356113,30603
2015-05-13,2.471910,2.508530,2.471910,2.508530,2.391017,9029
2015-05-14,2.481060,2.563460,2.462750,2.563460,2.443374,1130327
2015-05-15,2.563460,2.700790,2.536000,2.536000,2.417201,16860
2015-05-18,2.517690,2.517690,2.462750,2.481060,2.364834,9077
2015-05-19,2.490220,2.490220,2.490220,2.490220,2.373565,5
2015-05-20,2.490220,2.609240,2.481060,2.572620,2.452105,66984
2015-05-21,2.590930,2.609240,2.563460,2.563460,2.443374,30010
2015-05-22,2.563460,2.600080,2.563460,2.600080,2.478279,14848
2015-05-25,2.600080,2.673320,2.563460,2.655010,2.530635,27396
2015-05-26,2.655010,2.737410,2.655010,2.691630,2.565540,22835
2015-05-27,2.691630,2.728260,2.682480,2.709950,2.583002,20225
2015-05-28,2.700790,2.746570,2.636700,2.709950,2.583002,39190
2015-05-29,2.618390,2.737410,2.618390,2.737410,2.609175,130597
2015-06-01,2.737410,2.737410,2.700790,2.737410,2.609175,8345
2015-06-02,2.700790,2.700790,2.655010,2.682480,2.556819,20529
2015-06-03,2.691630,2.691630,2.655010,2.655010,2.530635,32879
2015-06-04,2.673320,2.673320,2.655010,2.664170,2.539366,8297
2015-06-05,2.673320,2.673320,2.673320,2.673320,2.548088,6686
2015-06-09,2.673320,2.682480,2.673320,2.682480,2.556819,6602
2015-06-10,2.682480,2.682480,2.618390,2.636700,2.513183,17510
2015-06-11,2.636700,2.636700,2.636700,2.636700,2.513183,0
2015-06-12,2.636700,2.636700,2.636700,2.636700,2.513183,0
2015-06-15,2.700790,2.737410,2.673320,2.682480,2.556819,39587
2015-06-16,2.664170,2.664170,2.664170,2.664170,2.539366,91
2015-06-17,2.655010,2.700790,2.655010,2.664170,2.539366,2249926
2015-06-18,2.664170,2.664170,2.655010,2.664170,2.539366,5229
2015-06-19,2.700790,2.709950,2.655010,2.664170,2.539366,29111
2015-06-22,2.655010,2.664170,2.655010,2.655010,2.530635,4194
2015-06-23,2.655010,2.664170,2.618390,2.627550,2.504462,152142
2015-06-24,2.673320,2.673320,2.627550,2.627550,2.504462,9491
2015-06-25,2.655010,2.655010,2.636700,2.636700,2.513183,172204
2015-06-26,2.627550,2.655010,2.627550,2.627550,2.504462,798
2015-06-29,2.636700,2.636700,2.572620,2.636700,2.513183,146521
2015-06-30,2.609240,2.737410,2.590930,2.737410,2.609175,30096
2015-07-01,2.609240,2.655010,2.609240,2.609240,2.487010,2855
2015-07-02,2.609240,2.636700,2.572620,2.618390,2.495731,37256
2015-07-03,2.590930,2.590930,2.581770,2.581770,2.460826,71
2015-07-06,2.590930,2.609240,2.471910,2.545150,2.425922,122898
2015-07-07,2.563460,2.572620,2.545150,2.563460,2.443374,65946
2015-07-08,2.563460,2.572620,2.554310,2.563460,2.443374,247287
2015-07-09,2.563460,2.563460,2.471910,2.471910,2.356113,16074
2015-07-10,2.462750,2.655010,2.462750,2.636700,2.513183,18059
2015-07-13,2.691630,2.883890,2.691630,2.819810,2.687715,140428
2015-07-14,2.828960,2.929670,2.819810,2.856430,2.722620,60804
2015-07-15,2.838120,2.883890,2.792340,2.874740,2.740072,55958
2015-07-16,2.856430,2.874740,2.838120,2.838120,2.705168,5690
2015-07-17,2.838120,2.883890,2.828960,2.847270,2.713889,11291
2015-07-20,2.883890,3.112770,2.883890,2.975450,2.836065,54792
2015-07-21,3.021220,3.158550,3.021220,3.076150,2.932047,80158
2015-07-22,3.176860,3.231790,3.112770,3.112770,2.966952,79095
2015-07-23,3.112770,3.112770,3.030380,3.030380,2.888421,26649
2015-07-24,3.067000,3.067000,3.012070,3.012070,2.870969,24122
2015-07-27,3.012070,3.012070,2.883890,2.975450,2.836065,45150
2015-07-28,2.975450,2.975450,2.883890,2.975450,2.836065,31762
2015-07-29,3.002910,3.204330,2.975450,3.158550,3.010587,1818085
2015-07-30,3.158550,3.176860,3.131090,3.158550,3.010587,57255
2015-07-31,3.131090,3.186020,3.108200,3.186020,3.036770,454343
2015-08-03,3.204330,3.460670,3.204330,3.433210,3.272380,140190
2015-08-04,3.433210,3.433210,3.295880,3.332500,3.176389,94499
2015-08-05,3.341660,3.414900,3.295880,3.305030,3.150205,57017
2015-08-06,3.341660,3.478980,3.341660,3.433210,3.272380,161779
2015-08-07,3.424050,3.442360,3.414900,3.433210,3.272380,69691
2015-08-10,3.433210,3.433210,3.387430,3.433210,3.272380,22487
2015-08-11,3.433210,3.433210,3.405740,3.424050,3.263650,18463
2015-08-12,3.414900,3.414900,3.314190,3.387430,3.228745,36124
2015-08-13,3.359970,3.359970,3.268410,3.295880,3.141484,12189
2015-08-14,3.295880,3.295880,3.186020,3.186020,3.036770,65182
2015-08-17,3.195170,3.204330,3.112770,3.149400,3.001866,18339
2015-08-18,3.149400,3.186020,3.067000,3.103620,2.958230,22925
2015-08-19,3.204330,3.259260,3.076150,3.085310,2.940778,18639
2015-08-20,3.085310,3.103620,3.067000,3.067000,2.923326,32290
2015-08-21,3.067000,3.414900,3.067000,3.158550,3.010587,20613
2015-08-24,3.158550,3.231790,3.112770,3.158550,3.010587,330870
2015-08-25,3.076150,3.195170,3.076150,3.195170,3.045492,123498
2015-08-26,3.186020,3.662090,3.176860,3.598000,3.429451,40043
2015-08-27,3.662090,3.662090,3.424050,3.478980,3.316006,62265
2015-08-28,3.478980,3.478980,3.295880,3.387430,3.228745,1426476
2015-08-31,3.433210,3.451520,3.378280,3.442360,3.281102,43918
2015-09-01,3.469830,3.652930,3.469830,3.598000,3.429451,64801
2015-09-02,3.579690,3.625470,3.515600,3.570540,3.403277,55590
2015-09-03,3.607160,3.607160,3.524760,3.570540,3.403277,68692
2015-09-04,3.533920,3.533920,3.359970,3.387430,3.267970,24735
2015-09-07,3.359970,3.478980,3.359970,3.478980,3.356292,361668
2015-09-08,3.478980,3.478980,3.396590,3.442360,3.320963,33938
2015-09-09,3.424050,3.662090,3.414900,3.662090,3.532944,109839
2015-09-10,3.643780,3.836040,3.625470,3.799420,3.665431,97970
2015-09-11,3.845190,3.845190,3.630040,3.799420,3.665431,103625
2015-09-14,3.845190,3.845190,3.771950,3.808570,3.674259,71712
2015-09-15,3.808570,3.854350,3.689550,3.717020,3.585938,65552
2015-09-16,3.717020,3.735330,3.652930,3.652930,3.524107,26113
2015-09-17,3.689550,3.799420,3.662090,3.790260,3.656595,32086
2015-09-18,3.790260,3.845190,3.790260,3.799420,3.665431,115593
2015-09-21,3.799420,3.836040,3.771950,3.781110,3.647767,37563
2015-09-22,3.799420,4.046610,3.771950,3.982520,3.842074,122112
2015-09-23,4.064920,4.074070,4.000830,4.028300,3.886240,507638
2015-09-24,4.028300,4.092380,4.009990,4.092380,3.948060,116556
2015-09-25,4.119850,4.119850,3.863500,3.900120,3.762580,712136
2015-09-28,4.000830,4.165630,3.991680,4.046610,3.903904,41669
2015-09-29,4.101540,4.101540,3.936740,4.009990,3.868576,56826
2015-09-30,3.982520,4.046610,3.927590,4.028300,3.886240,47388
2015-10-01,3.927590,4.064920,3.927590,4.028300,3.886240,28673
2015-10-02,4.037450,4.037450,3.936740,4.000830,3.859739,12180
2015-10-04,4.009990,4.028300,3.689550,3.799420,3.665431,50329
2015-10-05,3.744490,3.817730,3.717020,3.781110,3.647767,120016
2015-10-06,3.781110,3.781110,3.707860,3.735330,3.603602,34473
2015-10-07,3.744490,3.799420,3.707860,3.717020,3.585938,37085
2015-10-08,3.726170,3.753640,3.707860,3.707860,3.577100,84788
2015-10-11,3.707860,3.781110,3.707860,3.735330,3.603602,38029
2015-10-12,3.753640,3.771950,3.717020,3.726170,3.594765,136074
2015-10-13,3.753640,4.165630,3.753640,4.074070,3.930396,174070
2015-10-14,4.019140,4.046610,3.936740,4.000830,3.859739,56685
2015-10-15,3.982520,4.188510,3.936740,4.165630,4.018726,504847
2015-10-18,4.165630,4.394510,4.165630,4.220560,4.071720,200087
2015-10-19,4.266330,4.266330,4.074070,4.211400,4.062882,152631
2015-10-20,4.211400,4.330420,4.211400,4.321260,4.168868,558020
2015-10-21,4.330420,4.458590,4.321260,4.348730,4.195369,318403
2015-10-22,4.357880,4.495210,4.330420,4.376200,4.221871,240064
2015-10-25,4.394510,4.669160,4.394510,4.513520,4.354348,2166098
2015-10-26,4.577610,4.751560,4.531830,4.540990,4.380849,130426
2015-10-27,4.577610,4.586770,4.403660,4.467750,4.310193,118511
2015-10-28,4.568450,4.568450,4.321260,4.330420,4.177706,86223
2015-10-29,4.348730,4.476900,4.348730,4.367040,4.213034,479095
2015-11-01,4.348730,4.486060,4.339570,4.367040,4.213034,46589
2015-11-02,4.440280,4.486060,4.421970,4.431130,4.274864,53572
2015-11-03,4.394510,4.476900,4.357880,4.431130,4.274864,564246
2015-11-04,4.357880,4.426550,4.302950,4.394510,4.239535,25777
2015-11-05,4.376200,4.394510,4.293800,4.312110,4.160041,101573
2015-11-08,4.348730,4.348730,4.129000,4.174780,4.027554,657739
2015-11-09,4.257180,4.275490,3.918430,4.211400,4.062882,1235064
2015-11-10,4.312110,4.376200,3.955060,4.138160,3.992226,175729
2015-11-11,4.165630,4.302950,4.165630,4.275490,4.124712,65405
2015-11-12,4.119850,4.385350,4.119850,4.302950,4.151204,552332
2015-11-15,4.293800,4.293800,4.147310,4.211400,4.062882,43507
2015-11-16,4.211400,4.275490,4.138160,4.211400,4.062882,158723
2015-11-17,4.183940,4.211400,4.138160,4.183940,4.036391,38115
2015-11-18,4.211400,4.211400,3.561380,3.955060,3.815583,227909
2015-11-19,3.936740,3.936740,3.707860,3.881810,3.744916,223416
2015-11-22,3.753640,4.119850,3.753640,4.009990,3.868576,142189
2015-11-23,4.019140,4.046610,3.936740,3.982520,3.842074,53198
2015-11-24,4.110690,4.110690,3.982520,4.009990,3.868576,42023
2015-11-25,3.964210,3.964210,3.863500,3.936740,3.797909,721195
2015-11-26,3.936740,4.019140,3.854350,3.936740,3.797909,628339
2015-11-29,3.936740,3.936740,3.753640,3.881810,3.744916,156004
2015-11-30,3.744490,3.790260,3.387430,3.488140,3.365129,488361
2015-12-01,3.460670,3.717020,3.442360,3.662090,3.532944,508676
2015-12-02,3.643780,3.662090,3.552230,3.662090,3.532944,202676
2015-12-03,3.652930,3.845190,3.616310,3.671240,3.541772,139519
2015-12-06,3.671240,3.790260,3.671240,3.790260,3.656595,3167030
2015-12-07,3.808570,4.009990,3.808570,3.936740,3.797909,195792
2015-12-08,3.927590,3.991680,3.900120,3.936740,3.797909,462467
2015-12-09,3.945900,3.955060,3.744490,3.863500,3.727252,206109
2015-12-10,3.872660,3.890970,3.845190,3.872660,3.736089,450256
2015-12-13,3.872660,3.927590,3.817730,3.817730,3.683095,408397
2015-12-14,3.790260,3.936740,3.707860,3.799420,3.665431,217323
2015-12-15,3.799420,3.799420,3.616310,3.680400,3.550608,26054
2015-12-16,3.616310,3.744490,3.616310,3.726170,3.594765,39466
2015-12-17,3.726170,3.868080,3.726170,3.799420,3.665431,36574
2015-12-20,3.680400,3.799420,3.680400,3.790260,3.656595,29286
2015-12-21,3.826880,3.826880,3.717020,3.781110,3.647767,407
2015-12-22,3.707860,3.845190,3.707860,3.735330,3.603602,19847
2015-12-23,3.726170,3.753640,3.616310,3.634620,3.506443,22499
2015-12-27,3.634620,3.634620,3.634620,3.634620,3.506443,0
2015-12-28,3.652930,3.707860,3.634620,3.698710,3.568273,78294
2015-12-29,3.726170,3.836040,3.698710,3.826880,3.691923,336889
2015-12-30,3.817730,3.836040,3.790260,3.799420,3.665431,26317
2016-01-03,3.799420,3.936740,3.799420,3.890970,3.753753,40558
2016-01-04,3.918430,3.936740,3.845190,3.927590,3.789081,29652
2016-01-05,3.918430,3.982520,3.863500,3.909280,3.771417,39573
2016-01-06,3.890970,3.936740,3.790260,3.845190,3.709587,1623735
2016-01-07,3.826880,3.890970,3.744490,3.854350,3.718424,1339898
2016-01-10,3.890970,4.193090,3.863500,3.982520,3.842074,106591
2016-01-11,4.028300,4.037450,3.918430,3.982520,3.842074,89324
2016-01-12,4.028300,4.028300,3.936740,4.019140,3.877403,150018
2016-01-13,3.991680,4.000830,3.845190,3.936740,3.797909,44424
2016-01-14,3.890970,3.982520,3.872660,3.936740,3.797909,66915
2016-01-17,3.890970,3.890970,3.726170,3.817730,3.683095,91145
2016-01-18,3.790260,3.817730,3.707860,3.762800,3.630103,71015
2016-01-19,3.781110,3.808570,3.781110,3.799420,3.665431,121092
2016-01-20,3.826880,3.955060,3.771950,3.845190,3.709587,47511
2016-01-21,3.845190,3.890970,3.799420,3.872660,3.736089,62715
2016-01-24,3.890970,4.238870,3.854350,4.046610,3.903904,244289
2016-01-26,4.046610,4.257180,4.046610,4.257180,4.107048,48419
2016-01-27,4.284640,4.302950,4.183940,4.238870,4.089385,3034
2016-01-28,4.302950,4.302950,4.202250,4.302950,4.151204,93863
2016-01-31,4.293800,4.449440,4.229710,4.449440,4.292528,179929
2016-02-01,4.394510,4.431130,4.357880,4.385350,4.230699,426798
2016-02-02,4.394510,4.394510,4.202250,4.302950,4.151204,763491
2016-02-03,4.321260,4.412820,4.312110,4.394510,4.239535,69387
2016-02-04,4.394510,4.394510,4.284640,4.348730,4.195369,146270
2016-02-07,4.348730,4.348730,4.275490,4.302950,4.151204,13705
2016-02-08,4.266330,4.266330,4.129000,4.220560,4.071720,386040
2016-02-09,4.302950,4.312110,4.037450,4.257180,4.107048,411726
2016-02-10,4.257180,4.293800,4.174780,4.238870,4.089385,27277
2016-02-11,4.074070,4.229710,3.872660,3.918430,3.780244,399059
2016-02-14,3.918430,3.973370,3.863500,3.900120,3.762580,49171
2016-02-15,3.927590,4.119850,3.909280,4.055760,3.912731,166575
2016-02-16,4.055760,4.129000,3.890970,4.074070,3.930396,42611
2016-02-17,4.064920,4.174780,3.991680,4.055760,3.912731,123923
2016-02-18,4.064920,4.064920,3.890970,3.927590,3.789081,129617
2016-02-21,4.019140,4.165630,3.927590,4.165630,4.018726,61700
2016-02-22,4.156470,4.275490,4.009990,4.211400,4.062882,25485
2016-02-23,4.183940,4.229710,4.037450,4.202250,4.054055,29069
2016-02-24,4.202250,4.211400,4.000830,4.119850,3.974561,234232
2016-02-25,4.119850,4.119850,3.854350,3.991680,3.850911,74100
2016-02-28,3.936740,4.083230,3.726170,4.028300,3.886240,132737
2016-02-29,3.936740,4.074070,3.927590,3.973370,3.833247,206019
2016-03-01,3.845190,3.982520,3.753640,3.890970,3.753753,81915
2016-03-02,3.817730,3.936740,3.753640,3.890970,3.804740,133577
2016-03-03,3.982520,4.028300,3.945900,3.973370,3.885314,144088
2016-03-06,4.019140,4.019140,3.973370,3.991680,3.903218,35656
2016-03-07,3.982520,4.028300,3.936740,3.991680,3.903218,117691
2016-03-08,4.019140,4.019140,3.945900,3.982520,3.894262,36337
2016-03-09,4.028300,4.028300,3.927590,3.955060,3.867410,261462
2016-03-10,4.009990,4.028300,3.964210,4.019140,3.930069,129694
2016-03-13,4.064920,4.476900,4.055760,4.275490,4.180738,122337
2016-03-14,4.220560,4.266330,4.064920,4.202250,4.109122,53183
2016-03-15,4.165630,4.302950,4.147310,4.165630,4.073313,162583
2016-03-16,4.165630,4.220560,3.964210,4.028300,3.939027,172542
2016-03-17,4.000830,4.074070,3.854350,4.037450,3.947974,1832052
2016-03-20,4.165630,4.165630,4.009990,4.147310,4.055399,50831
2016-03-21,4.165630,4.284640,4.165630,4.275490,4.180738,125168
2016-03-22,4.275490,4.275490,4.220560,4.266330,4.171782,20087
2016-03-23,4.257180,4.266330,4.147310,4.211400,4.118069,38156
2016-03-28,4.211400,4.248020,4.156470,4.220560,4.127026,48405
2016-03-29,4.229710,4.321260,4.055760,4.275490,4.180738,381136
2016-03-30,4.275490,4.302950,4.211400,4.211400,4.118069,134669
2016-03-31,4.229710,4.229710,4.165630,4.211400,4.118069,23687
2016-04-04,4.165630,4.275490,4.129000,4.248020,4.153878,51077
2016-04-05,4.211400,4.243440,4.174780,4.202250,4.109122,14485
2016-04-06,4.165630,4.220560,4.165630,4.183940,4.091218,108451
2016-04-07,4.174780,4.220560,4.037450,4.119850,4.028548,55054
2016-04-08,4.074070,4.183940,4.028300,4.074070,3.983783,159942
2016-04-11,4.074070,4.083230,4.028300,4.028300,3.939027,376765
2016-04-12,4.046610,4.083230,3.964210,4.028300,3.939027,346023
2016-04-13,4.028300,4.101540,4.028300,4.074070,3.983783,22263
2016-04-14,4.074070,4.229710,4.074070,4.220560,4.127026,22891
2016-04-15,4.229710,4.238870,4.083230,4.138160,4.046452,42013
2016-04-18,4.257180,4.257180,4.083230,4.083230,3.992739,21937
2016-04-19,4.101540,4.220560,4.055760,4.119850,4.028548,91593
2016-04-20,4.138160,4.202250,4.092380,4.129000,4.037495,8175
2016-04-21,4.165630,4.165630,4.074070,4.101540,4.010644,80762
2016-04-22,4.119850,4.156470,4.055760,4.119850,4.028548,35475
2016-04-26,4.119850,4.151890,4.101540,4.119850,4.028548,23394
2016-04-27,4.138160,4.165630,4.101540,4.119850,4.028548,14498
2016-04-28,4.101540,4.183940,4.101540,4.174780,4.082261,17219
2016-04-29,4.165630,4.211400,4.161050,4.202250,4.109122,30398
2016-05-02,4.202250,4.348730,4.174780,4.302950,4.207590,566759
2016-05-03,4.348730,4.412820,4.266330,4.302950,4.207590,119426
2016-05-04,4.394510,4.394510,4.119850,4.165630,4.073313,133122
2016-05-05,4.211400,4.220560,4.064920,4.119850,4.028548,273477
2016-05-06,4.119850,4.211400,4.064920,4.092380,4.001687,168955
2016-05-09,4.092380,4.211400,4.028300,4.119850,4.028548,77738
2016-05-10,4.156470,4.211400,3.955060,4.019140,3.930069,60457
2016-05-11,4.055760,4.193090,4.055760,4.074070,3.983783,170546
2016-05-12,4.119850,4.119850,4.046610,4.046610,3.956931,169230
2016-05-13,4.055760,4.074070,3.945900,3.973370,3.885314,31587
2016-05-16,3.991680,3.996250,3.936740,3.955060,3.867410,27627
2016-05-17,3.955060,4.019140,3.771950,3.845190,3.759975,44952
2016-05-18,3.863500,3.927590,3.735330,3.744490,3.661506,101317
2016-05-19,3.680400,3.863500,3.680400,3.781110,3.697315,585968
2016-05-20,3.790260,3.881810,3.790260,3.836040,3.751028,167371
2016-05-23,3.625470,3.799420,3.405740,3.689550,3.607784,143883
2016-05-24,3.689550,3.698710,3.570540,3.652930,3.571976,125291
2016-05-25,3.634620,3.671240,3.625470,3.643780,3.563028,77142
2016-05-26,3.625470,3.643780,3.607160,3.625470,3.545124,167666
2016-05-27,3.671240,3.753640,3.671240,3.726170,3.643593,319952
2016-05-30,3.762800,3.799420,3.707860,3.744490,3.661506,190963
2016-05-31,3.799420,3.836040,3.588850,3.643780,3.563028,136104
2016-06-01,3.579690,3.662090,3.579690,3.643780,3.563028,76133
2016-06-02,3.643780,3.643780,3.616310,3.643780,3.563028,51801
2016-06-03,3.643780,3.652930,3.588850,3.598000,3.518263,18468
2016-06-06,3.570540,3.643780,3.570540,3.588850,3.509316,83778
2016-06-07,3.598000,3.625470,3.579690,3.616310,3.536167,74574
2016-06-08,3.598000,3.598000,3.478980,3.533920,3.455603,103601
2016-06-09,3.529340,3.552230,3.460670,3.543070,3.464550,173071
2016-06-10,3.524760,3.616310,3.478980,3.570540,3.491411,86996
2016-06-14,3.570540,3.652930,3.442360,3.478980,3.401881,341648
2016-06-15,3.451520,3.515600,3.442360,3.460670,3.383976,72643
2016-06-16,3.433210,3.433210,3.286720,3.286720,3.213881,657983
2016-06-17,3.250100,3.341660,3.140240,3.231790,3.160169,286706
2016-06-20,3.204330,3.240950,3.195170,3.204330,3.133317,229340
2016-06-21,3.222640,3.424050,3.222640,3.424050,3.348168,46967
2016-06-22,3.424050,3.424050,3.341660,3.414900,3.339221,103083
2016-06-23,3.369120,3.387430,3.341660,3.378280,3.303412,110979
2016-06-24,3.359970,3.369120,3.277570,3.277570,3.204934,36117
2016-06-27,3.250100,3.250100,3.158550,3.204330,3.133317,141696
2016-06-28,3.186020,3.186020,3.057840,3.158550,3.088552,401173
2016-06-29,3.204330,3.378280,3.195170,3.378280,3.303412,364814
2016-06-30,3.433210,3.561380,3.268410,3.268410,3.195977,116767
2016-07-01,3.424050,3.424050,3.240950,3.286720,3.213881,61030
2016-07-04,3.277570,3.341660,3.213480,3.341660,3.267604,94400
2016-07-05,3.323340,3.405740,3.259260,3.286720,3.213881,181924
2016-07-06,3.268410,3.277570,3.158550,3.204330,3.133317,211755
2016-07-07,3.295880,3.295880,3.213480,3.240950,3.169126,15594
2016-07-08,3.222640,3.259260,3.195170,3.231790,3.160169,19454
2016-07-11,3.240950,3.240950,3.204330,3.222640,3.151222,63539
2016-07-12,3.295880,3.295880,3.250100,3.259260,3.187030,9869
2016-07-13,3.286720,3.323340,3.250100,3.286720,3.213881,121469
2016-07-14,3.295880,3.350810,3.259260,3.286720,3.213881,91331
2016-07-15,3.337080,3.387430,3.286720,3.378280,3.303412,21650
2016-07-18,3.387430,3.396590,3.231790,3.268410,3.195977,53946
2016-07-19,3.341660,3.387430,3.250100,3.350810,3.276551,148679
2016-07-20,3.359970,3.451520,3.295880,3.378280,3.303412,18611
2016-07-21,3.378280,3.433210,3.295880,3.305030,3.231786,51196
2016-07-22,3.305030,3.451520,3.250100,3.451520,3.375029,77236
2016-07-25,3.469830,3.497290,3.433210,3.497290,3.419785,55737
2016-07-26,3.506450,3.794840,3.478980,3.616310,3.536167,389091
2016-07-27,3.616310,3.753640,3.607160,3.652930,3.571976,226169
2016-07-28,3.680400,3.689550,3.625470,3.652930,3.571976,154210
2016-07-29,3.662090,3.662090,3.524760,3.552230,3.473507,143015
2016-08-01,3.524760,3.543070,3.488140,3.497290,3.419785,278390
2016-08-02,3.524760,3.570540,3.478980,3.478980,3.401881,138597
2016-08-03,3.478980,3.488140,3.295880,3.359970,3.285508,217390
2016-08-04,3.332500,3.359970,3.250100,3.314190,3.240742,337012
2016-08-05,3.341660,3.405740,3.314190,3.359970,3.285508,177073
2016-08-08,3.359970,3.359970,3.359970,3.359970,3.285508,0
2016-08-09,3.305030,3.350810,3.250100,3.259260,3.187030,534268
2016-08-10,3.277570,3.305030,3.213480,3.295880,3.222838,629538
2016-08-11,3.295880,3.295880,3.259260,3.268410,3.195977,114811
2016-08-12,3.268410,3.332500,3.250100,3.295880,3.222838,718324
2016-08-15,3.350810,3.369120,3.277570,3.295880,3.222838,393578
2016-08-16,3.332500,3.387430,3.277570,3.350810,3.276551,274844
2016-08-17,3.314190,3.414900,3.314190,3.323340,3.249690,454877
2016-08-18,3.323340,3.387430,3.295880,3.332500,3.258647,919085
2016-08-19,3.350810,3.369120,3.213480,3.286720,3.213881,279181
2016-08-22,3.305030,3.323340,3.240950,3.268410,3.195977,169797
2016-08-23,3.268410,3.332500,3.250100,3.305030,3.231786,87797
2016-08-24,3.323340,3.533920,3.305030,3.506450,3.428742,1949022
2016-08-25,3.579690,3.735330,3.579690,3.652930,3.571976,1027437
2016-08-26,3.625470,3.790260,3.616310,3.771950,3.688358,324108
2016-08-29,3.698710,3.726170,3.652930,3.698710,3.616741,187075
2016-08-30,3.680400,3.698710,3.625470,3.662090,3.580933,204193
2016-08-31,3.616310,3.643780,3.524760,3.561380,3.482455,294159
2016-09-01,3.543070,3.570540,3.460670,3.497290,3.419785,215737
2016-09-02,3.506450,3.561380,3.478980,3.524760,3.446646,221497
2016-09-05,3.533920,3.598000,3.469830,3.478980,3.446567,128314
2016-09-06,3.497290,3.515600,3.433210,3.478980,3.446567,276726
2016-09-07,3.478980,3.506450,3.474410,3.488140,3.455642,237625
2016-09-08,3.488140,3.543070,3.488140,3.524760,3.491920,254827
2016-09-09,3.625470,3.634620,3.552230,3.570540,3.537274,59765
2016-09-12,3.570540,3.570540,3.469830,3.497290,3.464706,147928
2016-09-13,3.469830,3.524760,3.387430,3.405740,3.374009,521984
2016-09-14,3.414900,3.488140,3.387430,3.488140,3.455642,278182
2016-09-15,3.524760,3.533920,3.414900,3.506450,3.473781,362832
2016-09-16,3.414900,3.561380,3.414900,3.561380,3.528199,447711
2016-09-19,3.552230,3.552230,3.442360,3.460670,3.428427,130276
2016-09-20,3.433210,3.506450,3.414900,3.478980,3.446567,475539
2016-09-21,3.478980,3.561380,3.478980,3.552230,3.519134,158124
2016-09-22,3.561380,3.634620,3.515600,3.588850,3.555413,227929
2016-09-23,3.579690,3.643780,3.579690,3.625470,3.591692,116126
2016-09-26,3.625470,3.652930,3.616310,3.652930,3.618896,166767
2016-09-27,3.625470,3.662090,3.616310,3.662090,3.627971,356543
2016-09-28,3.643780,3.671240,3.634620,3.662090,3.627971,195596
2016-09-29,3.671240,3.671240,3.616310,3.616310,3.582617,111269
2016-09-30,3.625470,3.639200,3.570540,3.570540,3.537274,290388
2016-10-02,3.570540,3.579690,3.506450,3.552230,3.519134,74671
2016-10-03,3.552230,3.579690,3.323340,3.433210,3.401223,347045
2016-10-04,3.378280,3.497290,3.359970,3.414900,3.383084,319856
2016-10-05,3.433210,3.433210,3.350810,3.396590,3.364944,237746
2016-10-06,3.359970,3.442360,3.350810,3.387430,3.355870,529364
2016-10-09,3.387430,3.414900,3.359970,3.396590,3.364944,261590
2016-10-10,3.396590,3.497290,3.350810,3.414900,3.383084,368795
2016-10-11,3.405740,3.488140,3.405740,3.451520,3.419363,140207
2016-10-12,3.442360,3.643780,3.433210,3.570540,3.537274,123627
2016-10-13,3.515600,3.570540,3.497290,3.524760,3.491920,99456
2016-10-16,3.533920,3.561380,3.506450,3.533920,3.500995,318059
2016-10-17,3.533920,3.570540,3.506450,3.533920,3.500995,266210
2016-10-18,3.533920,3.533920,3.442360,3.488140,3.455642,477357
2016-10-19,3.488140,3.552230,3.433210,3.478980,3.446567,208152
2016-10-20,3.561380,3.561380,3.488140,3.524760,3.491920,152900
2016-10-23,3.552230,3.616310,3.524760,3.561380,3.528199,74714
2016-10-24,3.570540,3.625470,3.524760,3.598000,3.564478,187293
2016-10-25,3.588850,3.643780,3.524760,3.533920,3.500995,154146
2016-10-26,3.579690,3.634620,3.570540,3.625470,3.591692,343351
2016-10-27,3.643780,3.643780,3.588850,3.616310,3.582617,380642
2016-10-30,3.652930,3.790260,3.643780,3.652930,3.618896,316860
2016-10-31,3.662090,3.671240,3.533920,3.598000,3.564478,131488
2016-11-01,3.598000,3.598000,3.598000,3.598000,3.564478,0
2016-11-02,3.598000,3.598000,3.598000,3.598000,3.564478,0
2016-11-03,3.620000,3.620000,3.400000,3.500000,3.467391,3043557
2016-11-06,3.410000,3.480000,3.410000,3.430000,3.398043,361032
2016-11-07,3.470000,3.475000,3.330000,3.390000,3.358416,1075085
2016-11-08,3.400000,3.400000,3.120000,3.210000,3.180093,2306612
2016-11-09,3.310000,3.350000,3.270000,3.310000,3.279161,426045
2016-11-10,3.310000,3.310000,3.230000,3.260000,3.229627,320933
2016-11-13,3.230000,3.250000,3.165000,3.180000,3.150373,1662313
2016-11-14,3.200000,3.200000,3.020000,3.070000,3.041397,2497935
2016-11-15,3.120000,3.150000,3.090000,3.100000,3.071118,1852666
2016-11-16,3.130000,3.150000,3.100000,3.120000,3.090931,325771
2016-11-17,3.130000,3.165000,3.120000,3.130000,3.100838,424772
2016-11-20,3.140000,3.190000,3.040000,3.100000,3.071118,640015
2016-11-21,3.130000,3.180000,3.110000,3.120000,3.090931,615711
2016-11-22,3.120000,3.140000,3.110000,3.120000,3.090931,376353
2016-11-23,3.160000,3.270000,3.160000,3.200000,3.170186,955759
2016-11-24,3.250000,3.340000,3.230000,3.250000,3.219720,630922
2016-11-27,3.290000,3.300000,3.220000,3.230000,3.199907,394842
2016-11-28,3.270000,3.270000,3.100000,3.160000,3.130559,368861
2016-11-29,3.170000,3.170000,3.090000,3.110000,3.081024,267160
2016-11-30,3.140000,3.200000,3.120000,3.140000,3.110745,680602
2016-12-01,3.140000,3.190000,3.130000,3.150000,3.120652,388475
2016-12-04,3.130000,3.130000,3.030000,3.040000,3.011677,332483
2016-12-05,3.060000,3.120000,3.060000,3.100000,3.071118,1359055
2016-12-06,3.100000,3.120000,3.090000,3.100000,3.071118,1091019
2016-12-07,3.150000,3.150000,3.070000,3.100000,3.071118,544324
2016-12-08,3.090000,3.090000,3.050000,3.090000,3.061211,76672
2016-12-11,3.100000,3.140000,3.090000,3.100000,3.071118,1618258
2016-12-12,3.200000,3.220000,3.080000,3.140000,3.110745,1636162
2016-12-13,3.140000,3.180000,3.130000,3.150000,3.120652,588575
2016-12-14,3.150000,3.185000,3.150000,3.160000,3.130559,144453
2016-12-15,3.170000,3.235000,3.170000,3.220000,3.190000,637147
2016-12-18,3.230000,3.260000,3.200000,3.230000,3.199907,1080582
2016-12-19,3.230000,3.240000,3.190000,3.200000,3.170186,288121
2016-12-20,3.230000,3.290000,3.200000,3.280000,3.249441,177229
2016-12-21,3.280000,3.330000,3.265000,3.330000,3.298975,495906
2016-12-22,3.330000,3.420000,3.320000,3.400000,3.368323,200955
2016-12-27,3.400000,3.510000,3.390000,3.500000,3.467391,405539
2016-12-28,3.490000,3.500000,3.430000,3.450000,3.417857,251226
2016-12-29,3.450000,3.530000,3.450000,3.500000,3.467391,200977
2017-01-02,3.500000,3.580000,3.480000,3.490000,3.457484,270924
2017-01-03,3.540000,3.540000,3.480000,3.500000,3.467391,107070
2017-01-04,3.510000,3.520000,3.380000,3.440000,3.407950,305129
2017-01-05,3.450000,3.490000,3.410000,3.480000,3.447577,286862
2017-01-08,3.530000,3.580000,3.490000,3.570000,3.536739,252315
2017-01-09,3.550000,3.590000,3.540000,3.550000,3.516925,632696
2017-01-10,3.560000,3.590000,3.460000,3.470000,3.437670,574554
2017-01-11,3.480000,3.530000,3.450000,3.490000,3.457484,466193
2017-01-12,3.510000,3.550000,3.470000,3.480000,3.447577,273689
2017-01-15,3.530000,3.550000,3.490000,3.510000,3.477298,332580
2017-01-16,3.510000,3.520000,3.470000,3.490000,3.457484,315167
2017-01-17,3.470000,3.500000,3.440000,3.480000,3.447577,845597
2017-01-18,3.470000,3.490000,3.450000,3.470000,3.437670,437018
2017-01-19,3.490000,3.615000,3.480000,3.600000,3.566459,505507
2017-01-22,3.620000,3.680000,3.620000,3.650000,3.615993,831972
2017-01-23,3.680000,3.840000,3.650000,3.830000,3.794316,1131035
2017-01-24,3.840000,3.840000,3.640000,3.680000,3.645714,530878
2017-01-26,3.680000,3.760000,3.680000,3.710000,3.675435,251322
2017-01-29,3.680000,3.680000,3.620000,3.640000,3.606087,197061
2017-01-30,3.600000,3.640000,3.540000,3.590000,3.556552,288267
2017-01-31,3.620000,3.640000,3.470000,3.530000,3.497112,460923
2017-02-01,3.530000,3.550000,3.490000,3.520000,3.487205,473522
2017-02-02,3.530000,3.590000,3.490000,3.500000,3.467391,156538
2017-02-05,3.540000,3.560000,3.480000,3.480000,3.447577,170113
2017-02-06,3.480000,3.550000,3.470000,3.540000,3.507018,447740
2017-02-07,3.550000,3.550000,3.490000,3.540000,3.507018,342260
2017-02-08,3.550000,3.650000,3.530000,3.620000,3.586273,407604
2017-02-09,3.650000,3.700000,3.630000,3.660000,3.625900,312432
2017-02-12,3.660000,3.680000,3.620000,3.660000,3.625900,427209
2017-02-13,3.680000,3.750000,3.680000,3.740000,3.705155,317656
2017-02-14,3.780000,3.840000,3.760000,3.790000,3.754689,1224279
2017-02-15,3.800000,3.870000,3.790000,3.820000,3.784410,938523
2017-02-16,3.830000,3.850000,3.710000,3.750000,3.715062,581298
2017-02-19,3.790000,3.790000,3.725000,3.750000,3.715062,383660
2017-02-20,3.750000,3.830000,3.750000,3.810000,3.774503,748693
2017-02-21,3.790000,3.900000,3.780000,3.900000,3.863664,277533
2017-02-22,3.900000,3.920000,3.790000,3.800000,3.764596,296291
2017-02-23,3.880000,3.910000,3.830000,3.890000,3.853758,471781
2017-02-26,3.900000,3.900000,3.800000,3.820000,3.784410,434899
2017-02-27,3.800000,3.800000,3.400000,3.580000,3.546646,2347554
2017-02-28,3.600000,3.710000,3.530000,3.530000,3.497112,587332
2017-03-01,3.590000,3.710000,3.570000,3.690000,3.655621,819872
2017-03-02,3.670000,3.700000,3.620000,3.680000,3.645714,538372
2017-03-05,3.670000,3.720000,3.620000,3.690000,3.690000,479029
2017-03-06,3.750000,3.760000,3.680000,3.730000,3.730000,605076
2017-03-07,3.700000,3.830000,3.700000,3.820000,3.820000,700739
2017-03-08,3.830000,3.860000,3.770000,3.780000,3.780000,769674
2017-03-09,3.770000,3.770000,3.680000,3.700000,3.700000,714077
2017-03-12,3.700000,3.750000,3.630000,3.660000,3.660000,935510
2017-03-13,3.670000,3.730000,3.605000,3.640000,3.640000,706327
2017-03-14,3.700000,3.700000,3.600000,3.650000,3.650000,1060202
2017-03-15,3.660000,3.720000,3.650000,3.690000,3.690000,718977
2017-03-16,3.700000,3.720000,3.670000,3.710000,3.710000,7096450
2017-03-19,3.720000,3.730000,3.670000,3.700000,3.700000,454789
2017-03-20,3.700000,3.730000,3.630000,3.650000,3.650000,775349
2017-03-21,3.650000,3.700000,3.570000,3.600000,3.600000,752033
2017-03-22,3.600000,3.600000,3.515000,3.550000,3.550000,542887
2017-03-23,3.550000,3.570000,3.480000,3.500000,3.500000,1034131
2017-03-26,3.500000,3.500000,3.440000,3.450000,3.450000,473878
2017-03-27,3.440000,3.450000,3.210000,3.370000,3.370000,860840
2017-03-28,3.360000,3.450000,3.360000,3.420000,3.420000,1538178
2017-03-29,3.450000,3.510000,3.440000,3.510000,3.510000,780334
2017-03-30,3.520000,3.540000,3.480000,3.490000,3.490000,308231
2017-04-03,3.500000,3.500000,3.450000,3.450000,3.450000,279137
2017-04-04,3.470000,3.500000,3.440000,3.480000,3.480000,557425
2017-04-05,3.500000,3.500000,3.450000,3.460000,3.460000,219516
2017-04-06,3.470000,3.520000,3.430000,3.490000,3.490000,2435872
2017-04-07,3.490000,3.520000,3.460000,3.480000,3.480000,301150
2017-04-10,3.470000,3.510000,3.460000,3.500000,3.500000,297837
2017-04-11,3.530000,3.620000,3.530000,3.590000,3.590000,309764
2017-04-12,3.600000,3.650000,3.580000,3.610000,3.610000,413613
2017-04-13,3.630000,3.640000,3.580000,3.620000,3.620000,303363
2017-04-18,3.620000,3.640000,3.600000,3.640000,3.640000,1022637
2017-04-19,3.570000,3.655000,3.510000,3.550000,3.550000,1083463
2017-04-20,3.570000,3.700000,3.530000,3.700000,3.700000,481787
2017-04-21,3.710000,3.760000,3.690000,3.750000,3.750000,2158916
2017-04-24,3.740000,3.800000,3.740000,3.760000,3.760000,341269
2017-04-26,3.760000,3.810000,3.680000,3.700000,3.700000,2495053
2017-04-27,3.720000,3.770000,3.570000,3.700000,3.700000,1660346
2017-04-28,3.710000,3.850000,3.710000,3.810000,3.810000,536138
2017-05-01,3.810000,3.910000,3.790000,3.910000,3.910000,503640
2017-05-02,3.930000,4.000000,3.850000,3.930000,3.930000,970226
2017-05-03,3.890000,3.900000,3.810000,3.840000,3.840000,655611
2017-05-04,3.860000,3.950000,3.810000,3.940000,3.940000,324241
2017-05-05,3.940000,3.940000,3.790000,3.830000,3.830000,1307424
2017-05-08,3.830000,3.940000,3.820000,3.860000,3.860000,2197327
2017-05-09,3.850000,4.010000,3.810000,4.010000,4.010000,533437
2017-05-10,4.200000,4.200000,4.060000,4.100000,4.100000,3441850
2017-05-11,4.080000,4.090000,4.050000,4.050000,4.050000,1025898
2017-05-12,4.020000,4.060000,3.990000,4.050000,4.050000,360045
2017-05-15,4.030000,4.050000,3.940000,4.050000,4.050000,238357
2017-05-16,4.060000,4.060000,3.950000,3.950000,3.950000,407170
2017-05-17,3.950000,4.020000,3.920000,3.950000,3.950000,512973
2017-05-18,3.870000,3.890000,3.810000,3.810000,3.810000,535284
2017-05-19,3.840000,3.870000,3.810000,3.870000,3.870000,1153609
2017-05-22,3.870000,3.970000,3.850000,3.930000,3.930000,588853
2017-05-23,3.930000,4.050000,3.920000,3.990000,3.990000,737639
2017-05-24,4.040000,4.040000,4.000000,4.010000,4.010000,583597
2017-05-25,4.010000,4.030000,3.990000,4.010000,4.010000,710767
2017-05-26,3.990000,4.020000,3.950000,4.000000,4.000000,520871
2017-05-29,3.990000,3.990000,3.930000,3.940000,3.940000,658714
2017-05-30,3.920000,3.990000,3.880000,3.960000,3.960000,410022
2017-05-31,3.980000,4.000000,3.910000,3.910000,3.910000,7031291
2017-06-01,3.910000,3.940000,3.870000,3.940000,3.940000,308736
2017-06-02,3.980000,4.010000,3.930000,3.950000,3.950000,1329567
2017-06-05,3.950000,4.040000,3.940000,3.940000,3.940000,608809
2017-06-06,3.930000,3.950000,3.850000,3.880000,3.880000,168546
2017-06-07,3.900000,3.940000,3.870000,3.900000,3.900000,874412
2017-06-08,3.900000,3.900000,3.840000,3.860000,3.860000,189928
2017-06-09,3.920000,3.930000,3.820000,3.890000,3.890000,944746
2017-06-13,3.890000,3.900000,3.830000,3.830000,3.830000,1343820
2017-06-14,3.850000,3.880000,3.830000,3.860000,3.860000,3463066
2017-06-15,3.860000,3.920000,3.810000,3.810000,3.810000,1040714
2017-06-16,3.840000,3.860000,3.755000,3.770000,3.770000,7022760
2017-06-19,3.760000,3.830000,3.750000,3.800000,3.800000,1260017
2017-06-20,3.810000,3.890000,3.800000,3.840000,3.840000,1330456
2017-06-21,3.770000,3.830000,3.730000,3.790000,3.790000,1080962
2017-06-22,3.800000,3.850000,3.770000,3.770000,3.770000,852828
2017-06-23,3.770000,3.795000,3.735000,3.750000,3.750000,2365452
2017-06-26,3.770000,3.800000,3.730000,3.750000,3.750000,679798
2017-06-27,3.750000,3.840000,3.660000,3.790000,3.790000,1714435
2017-06-28,3.780000,3.910000,3.780000,3.890000,3.890000,886932
2017-06-29,3.920000,3.970000,3.900000,3.950000,3.950000,676527
2017-06-30,3.930000,3.950000,3.760000,3.820000,3.820000,1745925
2017-07-03,3.800000,3.880000,3.780000,3.800000,3.800000,683226
2017-07-04,3.800000,3.830000,3.750000,3.810000,3.810000,838039
2017-07-05,3.810000,3.860000,3.760000,3.840000,3.840000,423054
2017-07-06,3.800000,3.870000,3.770000,3.830000,3.830000,910484
2017-07-07,3.780000,3.820000,3.780000,3.800000,3.800000,745002
2017-07-10,3.810000,3.900000,3.810000,3.890000,3.890000,607606
2017-07-11,3.870000,3.885000,3.830000,3.840000,3.840000,644309
2017-07-12,3.820000,3.840000,3.785000,3.810000,3.810000,679511
2017-07-13,3.840000,3.845000,3.780000,3.780000,3.780000,822309
2017-07-14,3.800000,3.830000,3.750000,3.830000,3.830000,525012
2017-07-17,3.800000,3.840000,3.790000,3.800000,3.800000,680737
2017-07-18,3.800000,3.800000,3.730000,3.750000,3.750000,1147738
2017-07-19,3.750000,3.910000,3.730000,3.890000,3.890000,1078602
2017-07-20,3.820000,3.910000,3.820000,3.850000,3.850000,552855
2017-07-21,3.790000,3.850000,3.750000,3.780000,3.780000,615706
2017-07-24,3.770000,3.830000,3.720000,3.720000,3.720000,2131582
2017-07-25,3.600000,3.600000,3.410000,3.590000,3.590000,3834202
2017-07-26,3.640000,3.730000,3.630000,3.710000,3.710000,3320751
2017-07-27,3.680000,3.715000,3.570000,3.590000,3.590000,1337700
2017-07-28,3.600000,3.600000,3.460000,3.490000,3.490000,3578949
2017-07-31,3.470000,3.500000,3.440000,3.450000,3.450000,2366492
2017-08-01,3.390000,3.550000,3.390000,3.470000,3.470000,1662611
2017-08-02,3.470000,3.550000,3.440000,3.500000,3.500000,1086204
2017-08-03,3.490000,3.530000,3.430000,3.520000,3.520000,1182611
2017-08-04,3.540000,3.640000,3.530000,3.560000,3.560000,1128104
2017-08-07,3.600000,3.600000,3.490000,3.530000,3.530000,580061
2017-08-08,3.530000,3.560000,3.480000,3.550000,3.550000,649867
2017-08-09,3.550000,3.680000,3.530000,3.630000,3.630000,1155996
2017-08-10,3.650000,3.660000,3.520000,3.520000,3.520000,795213
2017-08-11,3.520000,3.530000,3.480000,3.500000,3.500000,981394
2017-08-14,3.510000,3.540000,3.480000,3.510000,3.510000,948329
2017-08-15,3.560000,3.560000,3.470000,3.510000,3.510000,1039561
2017-08-16,3.540000,3.540000,3.480000,3.540000,3.540000,1169843
2017-08-17,3.550000,3.605000,3.520000,3.540000,3.540000,726114
2017-08-18,3.500000,3.500000,3.420000,3.480000,3.480000,1038142
2017-08-21,3.430000,3.490000,3.330000,3.370000,3.370000,1011995
2017-08-22,3.390000,3.430000,3.350000,3.370000,3.370000,648583
2017-08-23,3.400000,3.420000,3.310000,3.330000,3.330000,1357998
2017-08-24,3.300000,3.380000,3.300000,3.370000,3.370000,678219
2017-08-25,3.400000,3.430000,3.390000,3.400000,3.400000,777703
2017-08-28,3.400000,3.410000,3.360000,3.370000,3.370000,790853
